-- phpMyAdmin SQL Dump
-- version 4.9.11
-- https://www.phpmyadmin.net/
--
-- Anamakine: localhost:3306
-- Üretim Zamanı: 26 Şub 2023, 05:06:42
-- Sunucu sürümü: 5.7.41
-- PHP Sürümü: 7.4.33

SET SQL_MODE = "NO_AUTO_VALUE_ON_ZERO";
SET AUTOCOMMIT = 0;
START TRANSACTION;
SET time_zone = "+00:00";


/*!40101 SET @OLD_CHARACTER_SET_CLIENT=@@CHARACTER_SET_CLIENT */;
/*!40101 SET @OLD_CHARACTER_SET_RESULTS=@@CHARACTER_SET_RESULTS */;
/*!40101 SET @OLD_COLLATION_CONNECTION=@@COLLATION_CONNECTION */;
/*!40101 SET NAMES utf8mb4 */;

--
-- Veritabanı: `_kutuphaneodev`
--

-- --------------------------------------------------------

--
-- Tablo için tablo yapısı `islem`
--

CREATE TABLE `islem` (
  `islemno` smallint(6) NOT NULL,
  `ogrno` tinyint(4) DEFAULT NULL,
  `kitapno` tinyint(4) DEFAULT NULL,
  `atarih` varchar(19) DEFAULT NULL,
  `vtarih` varchar(19) DEFAULT NULL
) ENGINE=InnoDB DEFAULT CHARSET=utf8mb4;

--
-- Tablo döküm verisi `islem`
--

INSERT INTO `islem` (`islemno`, `ogrno`, `kitapno`, `atarih`, `vtarih`) VALUES
(1, 73, 10, '2006-01-01 00:00:00', '2006-01-17 00:00:00'),
(2, 6, 17, '2006-01-02 00:00:00', '2006-01-07 00:00:00'),
(3, 59, 11, '2006-01-03 00:00:00', '2006-01-06 00:00:00'),
(4, 60, 42, '2006-01-03 00:00:00', '2006-01-16 00:00:00'),
(5, 27, 2, '2006-01-03 00:00:00', '2006-01-04 00:00:00'),
(6, 36, 2, '2006-01-04 00:00:00', '2006-01-15 00:00:00'),
(7, 20, 39, '2006-01-05 00:00:00', '2006-01-18 00:00:00'),
(8, 79, 38, '2006-01-05 00:00:00', '2006-01-10 00:00:00'),
(9, 29, 37, '2006-01-06 00:00:00', '2006-01-08 00:00:00'),
(10, 76, 30, '2006-01-08 00:00:00', '2006-01-11 00:00:00'),
(11, 63, 23, '2006-01-08 00:00:00', '2006-01-14 00:00:00'),
(12, 63, 31, '2006-01-09 00:00:00', '2006-01-28 00:00:00'),
(13, 27, 15, '2006-01-10 00:00:00', '2006-01-17 00:00:00'),
(14, 7, 37, '2006-01-11 00:00:00', '2006-01-22 00:00:00'),
(15, 58, 36, '2006-01-11 00:00:00', '2006-01-21 00:00:00'),
(16, 90, 16, '2006-01-12 00:00:00', '2006-01-24 00:00:00'),
(17, 33, 44, '2006-01-13 00:00:00', '2006-01-22 00:00:00'),
(18, 19, 37, '2006-01-13 00:00:00', '2006-01-25 00:00:00'),
(19, 11, 6, '2006-01-13 00:00:00', '2006-01-24 00:00:00'),
(20, 38, 27, '2006-01-14 00:00:00', '2006-02-02 00:00:00'),
(21, 93, 31, '2006-01-14 00:00:00', '2006-01-16 00:00:00'),
(22, 48, 8, '2006-01-15 00:00:00', '2006-01-30 00:00:00'),
(23, 19, 34, '2006-01-15 00:00:00', '2006-01-27 00:00:00'),
(24, 58, 35, '2006-01-16 00:00:00', '2006-01-28 00:00:00'),
(25, 32, 24, '2006-01-16 00:00:00', '2006-02-05 00:00:00'),
(26, 81, 19, '2006-01-17 00:00:00', '2006-01-24 00:00:00'),
(27, 24, 20, '2006-01-17 00:00:00', '2006-02-07 00:00:00'),
(28, 77, 21, '2006-01-18 00:00:00', '2006-01-23 00:00:00'),
(29, 42, 8, '2006-01-19 00:00:00', '2006-02-08 00:00:00'),
(30, 18, 28, '2006-01-19 00:00:00', '2006-01-24 00:00:00'),
(31, 97, 39, '2006-01-19 00:00:00', '2006-02-04 00:00:00'),
(32, 4, 23, '2006-01-20 00:00:00', '2006-01-27 00:00:00'),
(33, 81, 34, '2006-01-21 00:00:00', '2006-01-23 00:00:00'),
(34, 43, 28, '2006-01-21 00:00:00', '2006-02-06 00:00:00'),
(35, 82, 42, '2006-01-22 00:00:00', '2006-02-12 00:00:00'),
(36, 12, 34, '2006-01-23 00:00:00', '2006-01-30 00:00:00'),
(37, 27, 8, '2006-01-24 00:00:00', '2006-02-08 00:00:00'),
(38, 66, 3, '2006-01-25 00:00:00', '2006-01-31 00:00:00'),
(39, 49, 14, '2006-01-25 00:00:00', '2006-02-14 00:00:00'),
(40, 31, 1, '2006-01-25 00:00:00', '2006-02-10 00:00:00'),
(41, 21, 43, '2006-01-27 00:00:00', '2006-02-05 00:00:00'),
(42, 35, 23, '2006-01-27 00:00:00', '2006-01-30 00:00:00'),
(43, 19, 44, '2006-01-28 00:00:00', '2006-02-05 00:00:00'),
(44, 6, 17, '2006-01-28 00:00:00', '2006-02-17 00:00:00'),
(45, 36, 15, '2006-01-28 00:00:00', '2006-02-16 00:00:00'),
(46, 73, 36, '2006-02-01 00:00:00', '2006-02-15 00:00:00'),
(47, 82, 23, '2006-02-01 00:00:00', '2006-02-08 00:00:00'),
(48, 4, 5, '2006-02-01 00:00:00', '2006-02-03 00:00:00'),
(49, 70, 8, '2006-02-01 00:00:00', '2006-02-19 00:00:00'),
(50, 65, 19, '2006-02-01 00:00:00', '2006-02-18 00:00:00'),
(51, 23, 4, '2006-02-03 00:00:00', '2006-02-21 00:00:00'),
(52, 60, 18, '2006-02-03 00:00:00', '2006-02-09 00:00:00'),
(53, 75, 44, '2006-02-04 00:00:00', '2006-02-15 00:00:00'),
(54, 43, 34, '2006-02-04 00:00:00', '2006-02-13 00:00:00'),
(55, 51, 14, '2006-02-05 00:00:00', '2006-02-14 00:00:00'),
(56, 29, 1, '2006-02-06 00:00:00', '2006-02-20 00:00:00'),
(57, 85, 14, '2006-02-07 00:00:00', '2006-02-23 00:00:00'),
(58, 5, 38, '2006-02-07 00:00:00', '2006-02-10 00:00:00'),
(59, 36, 11, '2006-02-08 00:00:00', '2006-02-12 00:00:00'),
(60, 64, 41, '2006-02-09 00:00:00', '2006-02-15 00:00:00'),
(61, 3, 1, '2006-02-10 00:00:00', '2006-02-23 00:00:00'),
(62, 53, 8, '2006-02-10 00:00:00', '2006-02-16 00:00:00'),
(63, 31, 32, '2006-02-10 00:00:00', '2006-03-02 00:00:00'),
(64, 56, 3, '2006-02-10 00:00:00', '2006-02-17 00:00:00'),
(65, 66, 37, '2006-02-11 00:00:00', '2006-02-27 00:00:00'),
(66, 96, 23, '2006-02-11 00:00:00', '2006-02-19 00:00:00'),
(67, 53, 15, '2006-02-12 00:00:00', '2006-02-14 00:00:00'),
(68, 3, 20, '2006-02-13 00:00:00', '2006-03-02 00:00:00'),
(69, 36, 12, '2006-02-13 00:00:00', '2006-02-22 00:00:00'),
(70, 29, 31, '2006-02-15 00:00:00', '2006-03-04 00:00:00'),
(71, 89, 21, '2006-02-16 00:00:00', '2006-03-08 00:00:00'),
(72, 1, 27, '2006-02-16 00:00:00', '2006-02-25 00:00:00'),
(73, 68, 8, '2006-02-17 00:00:00', '2006-02-24 00:00:00'),
(74, 83, 2, '2006-02-20 00:00:00', '2006-03-05 00:00:00'),
(75, 50, 34, '2006-02-20 00:00:00', '2006-02-20 00:00:00'),
(76, 8, 1, '2006-02-20 00:00:00', '2006-02-26 00:00:00'),
(77, 71, 10, '2006-02-20 00:00:00', '2006-03-03 00:00:00'),
(78, 20, 2, '2006-02-21 00:00:00', '2006-03-02 00:00:00'),
(79, 8, 20, '2006-02-21 00:00:00', '2006-02-22 00:00:00'),
(80, 83, 12, '2006-02-21 00:00:00', '2006-02-23 00:00:00'),
(81, 37, 6, '2006-02-22 00:00:00', '2006-02-22 00:00:00'),
(82, 16, 14, '2006-02-22 00:00:00', '2006-02-25 00:00:00'),
(83, 50, 3, '2006-02-23 00:00:00', '2006-03-11 00:00:00'),
(84, 25, 32, '2006-02-23 00:00:00', '2006-03-11 00:00:00'),
(85, 62, 4, '2006-02-24 00:00:00', '2006-03-03 00:00:00'),
(86, 75, 25, '2006-02-24 00:00:00', '2006-03-12 00:00:00'),
(87, 14, 37, '2006-02-25 00:00:00', '2006-03-11 00:00:00'),
(88, 39, 6, '2006-02-26 00:00:00', '2006-03-19 00:00:00'),
(89, 82, 10, '2006-02-26 00:00:00', '2006-03-16 00:00:00'),
(90, 88, 37, '2006-02-26 00:00:00', '2006-02-28 00:00:00'),
(91, 37, 20, '2006-02-27 00:00:00', '2006-03-07 00:00:00'),
(92, 96, 35, '2006-02-28 00:00:00', '2006-03-17 00:00:00'),
(93, 88, 11, '2006-02-28 00:00:00', '2006-03-11 00:00:00'),
(94, 82, 32, '2006-03-01 00:00:00', '2006-03-07 00:00:00'),
(95, 37, 39, '2006-03-01 00:00:00', '2006-03-22 00:00:00'),
(96, 41, 10, '2006-03-01 00:00:00', '2006-03-07 00:00:00'),
(97, 43, 16, '2006-03-02 00:00:00', '2006-03-13 00:00:00'),
(98, 45, 33, '2006-03-03 00:00:00', '2006-03-24 00:00:00'),
(99, 61, 32, '2006-03-04 00:00:00', '2006-03-12 00:00:00'),
(100, 41, 10, '2006-03-05 00:00:00', '2006-03-19 00:00:00'),
(101, 56, 37, '2006-03-07 00:00:00', '2006-03-27 00:00:00'),
(102, 36, 14, '2006-03-07 00:00:00', '2006-03-21 00:00:00'),
(103, 13, 16, '2006-03-08 00:00:00', '2006-03-26 00:00:00'),
(104, 10, 20, '2006-03-08 00:00:00', '2006-03-20 00:00:00'),
(105, 64, 15, '2006-03-08 00:00:00', '2006-03-15 00:00:00'),
(106, 56, 38, '2006-03-09 00:00:00', '2006-03-16 00:00:00'),
(107, 40, 34, '2006-03-09 00:00:00', '2006-03-25 00:00:00'),
(108, 54, 43, '2006-03-09 00:00:00', '2006-03-13 00:00:00'),
(109, 30, 14, '2006-03-10 00:00:00', '2006-03-17 00:00:00'),
(110, 38, 10, '2006-03-12 00:00:00', '2006-03-28 00:00:00'),
(111, 47, 7, '2006-03-12 00:00:00', '2006-03-15 00:00:00'),
(112, 57, 27, '2006-03-12 00:00:00', '2006-03-19 00:00:00'),
(113, 83, 12, '2006-03-13 00:00:00', '2006-03-14 00:00:00'),
(114, 96, 22, '2006-03-13 00:00:00', '2006-03-18 00:00:00'),
(115, 48, 7, '2006-03-13 00:00:00', '2006-03-14 00:00:00'),
(116, 81, 7, '2006-03-15 00:00:00', '2006-03-27 00:00:00'),
(117, 21, 43, '2006-03-15 00:00:00', '2006-03-31 00:00:00'),
(118, 57, 14, '2006-03-16 00:00:00', '2006-03-24 00:00:00'),
(119, 88, 13, '2006-03-16 00:00:00', '2006-03-22 00:00:00'),
(120, 87, 40, '2006-03-17 00:00:00', '2006-04-05 00:00:00'),
(121, 57, 33, '2006-03-17 00:00:00', '2006-04-07 00:00:00'),
(122, 59, 14, '2006-03-17 00:00:00', '2006-04-04 00:00:00'),
(123, 67, 32, '2006-03-17 00:00:00', '2006-03-30 00:00:00'),
(124, 42, 28, '2006-03-18 00:00:00', '2006-04-01 00:00:00'),
(125, 5, 43, '2006-03-20 00:00:00', '2006-03-20 00:00:00'),
(126, 43, 35, '2006-03-20 00:00:00', '2006-03-30 00:00:00'),
(127, 40, 37, '2006-03-20 00:00:00', '2006-03-28 00:00:00'),
(128, 90, 29, '2006-03-21 00:00:00', '2006-04-02 00:00:00'),
(129, 74, 2, '2006-03-21 00:00:00', '2006-04-11 00:00:00'),
(130, 58, 20, '2006-03-22 00:00:00', '2006-03-30 00:00:00'),
(131, 31, 13, '2006-03-22 00:00:00', '2006-04-01 00:00:00'),
(132, 47, 29, '2006-03-23 00:00:00', '2006-03-23 00:00:00'),
(133, 81, 34, '2006-03-23 00:00:00', '2006-04-04 00:00:00'),
(134, 34, 20, '2006-03-24 00:00:00', '2006-04-11 00:00:00'),
(135, 63, 44, '2006-03-24 00:00:00', '2006-04-08 00:00:00'),
(136, 33, 28, '2006-03-26 00:00:00', '2006-04-15 00:00:00'),
(137, 13, 40, '2006-03-28 00:00:00', '2006-04-16 00:00:00'),
(138, 55, 9, '2006-04-03 00:00:00', '2006-04-09 00:00:00'),
(139, 66, 4, '2006-04-05 00:00:00', '2006-04-19 00:00:00'),
(140, 59, 20, '2006-04-06 00:00:00', '2006-04-06 00:00:00'),
(141, 75, 31, '2006-04-07 00:00:00', '2006-04-24 00:00:00'),
(142, 81, 20, '2006-04-07 00:00:00', '2006-04-14 00:00:00'),
(143, 46, 9, '2006-04-09 00:00:00', '2006-04-20 00:00:00'),
(144, 32, 18, '2006-04-10 00:00:00', '2006-04-19 00:00:00'),
(145, 88, 35, '2006-04-12 00:00:00', '2006-04-23 00:00:00'),
(146, 98, 12, '2006-04-12 00:00:00', '2006-04-25 00:00:00'),
(147, 54, 17, '2006-04-13 00:00:00', '2006-05-02 00:00:00'),
(148, 17, 2, '2006-04-15 00:00:00', '2006-05-06 00:00:00'),
(149, 79, 13, '2006-04-15 00:00:00', '2006-05-02 00:00:00'),
(150, 55, 5, '2006-04-15 00:00:00', '2006-05-04 00:00:00'),
(151, 69, 30, '2006-04-15 00:00:00', '2006-04-29 00:00:00'),
(152, 18, 28, '2006-04-16 00:00:00', '2006-04-16 00:00:00'),
(153, 68, 2, '2006-04-16 00:00:00', '2006-04-25 00:00:00'),
(154, 45, 23, '2006-04-17 00:00:00', '2006-04-18 00:00:00'),
(155, 91, 35, '2006-04-17 00:00:00', '2006-04-19 00:00:00'),
(156, 30, 7, '2006-04-18 00:00:00', '2006-04-24 00:00:00'),
(157, 2, 26, '2006-04-18 00:00:00', '2006-05-09 00:00:00'),
(158, 36, 27, '2006-04-18 00:00:00', '2006-04-23 00:00:00'),
(159, 35, 42, '2006-04-19 00:00:00', '2006-04-26 00:00:00'),
(160, 80, 12, '2006-04-20 00:00:00', '2006-04-28 00:00:00'),
(161, 21, 26, '2006-04-21 00:00:00', '2006-05-09 00:00:00'),
(162, 77, 8, '2006-04-22 00:00:00', '2006-05-10 00:00:00'),
(163, 20, 16, '2006-04-22 00:00:00', '2006-05-05 00:00:00'),
(164, 51, 22, '2006-04-22 00:00:00', '2006-05-01 00:00:00'),
(165, 78, 19, '2006-04-24 00:00:00', '2006-05-07 00:00:00'),
(166, 50, 36, '2006-04-24 00:00:00', '2006-05-14 00:00:00'),
(167, 71, 40, '2006-04-26 00:00:00', '2006-04-28 00:00:00'),
(168, 11, 31, '2006-04-27 00:00:00', '2006-05-14 00:00:00'),
(169, 67, 6, '2006-04-28 00:00:00', '2006-05-04 00:00:00'),
(170, 87, 37, '2006-05-01 00:00:00', '2006-05-05 00:00:00'),
(171, 32, 35, '2006-05-02 00:00:00', '2006-05-09 00:00:00'),
(172, 6, 30, '2006-05-04 00:00:00', '2006-05-17 00:00:00'),
(173, 55, 14, '2006-05-05 00:00:00', '2006-05-10 00:00:00'),
(174, 72, 17, '2006-05-05 00:00:00', '2006-05-22 00:00:00'),
(175, 21, 14, '2006-05-06 00:00:00', '2006-05-08 00:00:00'),
(176, 17, 32, '2006-05-06 00:00:00', '2006-05-20 00:00:00'),
(177, 22, 21, '2006-05-07 00:00:00', '2006-05-10 00:00:00'),
(178, 20, 12, '2006-05-07 00:00:00', '2006-05-20 00:00:00'),
(179, 39, 17, '2006-05-08 00:00:00', '2006-05-18 00:00:00'),
(180, 45, 12, '2006-05-08 00:00:00', '2006-05-22 00:00:00'),
(181, 24, 43, '2006-05-08 00:00:00', '2006-05-18 00:00:00'),
(182, 67, 38, '2006-05-09 00:00:00', '2006-05-17 00:00:00'),
(183, 65, 14, '2006-05-10 00:00:00', '2006-05-22 00:00:00'),
(184, 79, 7, '2006-05-10 00:00:00', '2006-05-25 00:00:00'),
(185, 50, 20, '2006-05-10 00:00:00', '2006-05-21 00:00:00'),
(186, 86, 15, '2006-05-11 00:00:00', '2006-05-13 00:00:00'),
(187, 48, 19, '2006-05-11 00:00:00', '2006-05-11 00:00:00'),
(188, 17, 35, '2006-05-11 00:00:00', '2006-05-13 00:00:00'),
(189, 87, 19, '2006-05-12 00:00:00', '2006-05-25 00:00:00'),
(190, 19, 40, '2006-05-14 00:00:00', '2006-05-15 00:00:00'),
(191, 33, 9, '2006-05-14 00:00:00', '2006-05-31 00:00:00'),
(192, 63, 17, '2006-05-15 00:00:00', '2006-06-05 00:00:00'),
(193, 12, 16, '2006-05-15 00:00:00', '2006-05-27 00:00:00'),
(194, 16, 33, '2006-05-16 00:00:00', '2006-06-07 00:00:00'),
(195, 35, 9, '2006-05-18 00:00:00', '2006-05-26 00:00:00'),
(196, 48, 7, '2006-05-18 00:00:00', '2006-05-26 00:00:00'),
(197, 22, 30, '2006-05-19 00:00:00', '2006-05-29 00:00:00'),
(198, 74, 25, '2006-05-20 00:00:00', '2006-06-06 00:00:00'),
(199, 52, 38, '2006-05-20 00:00:00', '2006-05-29 00:00:00'),
(200, 29, 29, '2006-05-20 00:00:00', '2006-05-27 00:00:00'),
(201, 34, 31, '2006-05-20 00:00:00', '2006-06-11 00:00:00'),
(202, 60, 18, '2006-05-20 00:00:00', '2006-06-04 00:00:00'),
(203, 64, 16, '2006-05-21 00:00:00', '2006-05-22 00:00:00'),
(204, 14, 17, '2006-05-24 00:00:00', '2006-05-30 00:00:00'),
(205, 81, 42, '2006-05-24 00:00:00', '2006-06-14 00:00:00'),
(206, 22, 36, '2006-05-24 00:00:00', '2006-05-30 00:00:00'),
(207, 17, 16, '2006-05-24 00:00:00', '2006-06-13 00:00:00'),
(208, 95, 6, '2006-05-26 00:00:00', '2006-06-06 00:00:00'),
(209, 75, 21, '2006-05-27 00:00:00', '2006-06-09 00:00:00'),
(210, 47, 5, '2006-05-28 00:00:00', '2006-06-10 00:00:00'),
(211, 34, 21, '2006-05-28 00:00:00', '2006-06-06 00:00:00'),
(212, 5, 43, '2006-05-28 00:00:00', '2006-06-02 00:00:00'),
(213, 26, 23, '2006-06-02 00:00:00', '2006-06-02 00:00:00'),
(214, 34, 34, '2006-06-02 00:00:00', '2006-06-23 00:00:00'),
(215, 92, 19, '2006-06-03 00:00:00', '2006-06-19 00:00:00'),
(216, 34, 43, '2006-06-03 00:00:00', '2006-06-03 00:00:00'),
(217, 90, 16, '2006-06-03 00:00:00', '2006-06-21 00:00:00'),
(218, 95, 38, '2006-06-03 00:00:00', '2006-06-21 00:00:00'),
(219, 67, 16, '2006-06-03 00:00:00', '2006-06-11 00:00:00'),
(220, 54, 27, '2006-06-05 00:00:00', '2006-06-09 00:00:00'),
(221, 55, 40, '2006-06-05 00:00:00', '2006-06-14 00:00:00'),
(222, 14, 27, '2006-06-07 00:00:00', '2006-06-17 00:00:00'),
(223, 2, 36, '2006-06-08 00:00:00', '2006-06-22 00:00:00'),
(224, 79, 38, '2006-06-09 00:00:00', '2006-06-23 00:00:00'),
(225, 44, 39, '2006-06-10 00:00:00', '2006-06-18 00:00:00'),
(226, 72, 10, '2006-06-10 00:00:00', '2006-06-18 00:00:00'),
(227, 72, 41, '2006-06-10 00:00:00', '2006-06-22 00:00:00'),
(228, 46, 18, '2006-06-11 00:00:00', '2006-06-27 00:00:00'),
(229, 50, 42, '2006-06-12 00:00:00', '2006-07-03 00:00:00'),
(230, 20, 16, '2006-06-12 00:00:00', '2006-06-26 00:00:00'),
(231, 62, 33, '2006-06-13 00:00:00', '2006-07-01 00:00:00'),
(232, 18, 41, '2006-06-14 00:00:00', '2006-07-03 00:00:00'),
(233, 53, 38, '2006-06-15 00:00:00', '2006-07-05 00:00:00'),
(234, 67, 44, '2006-06-16 00:00:00', '2006-06-29 00:00:00'),
(235, 73, 9, '2006-06-17 00:00:00', '2006-06-27 00:00:00'),
(236, 23, 1, '2006-06-20 00:00:00', '2006-07-11 00:00:00'),
(237, 98, 8, '2006-06-21 00:00:00', '2006-07-07 00:00:00'),
(238, 85, 2, '2006-06-22 00:00:00', '2006-06-24 00:00:00'),
(239, 40, 19, '2006-06-22 00:00:00', '2006-06-27 00:00:00'),
(240, 31, 28, '2006-06-24 00:00:00', '2006-07-11 00:00:00'),
(241, 48, 28, '2006-06-24 00:00:00', '2006-07-05 00:00:00'),
(242, 85, 33, '2006-06-24 00:00:00', '2006-07-12 00:00:00'),
(243, 20, 38, '2006-06-25 00:00:00', '2006-07-10 00:00:00'),
(244, 22, 43, '2006-06-25 00:00:00', '2006-07-11 00:00:00'),
(245, 70, 44, '2006-06-25 00:00:00', '2006-06-27 00:00:00'),
(246, 30, 9, '2006-06-25 00:00:00', '2006-06-28 00:00:00'),
(247, 31, 43, '2006-06-25 00:00:00', '2006-06-26 00:00:00'),
(248, 49, 25, '2006-06-26 00:00:00', '2006-07-13 00:00:00'),
(249, 75, 36, '2006-06-26 00:00:00', '2006-06-28 00:00:00'),
(250, 96, 8, '2006-06-27 00:00:00', '2006-07-09 00:00:00'),
(251, 22, 21, '2006-06-28 00:00:00', '2006-06-29 00:00:00'),
(252, 10, 37, '2006-07-01 00:00:00', '2006-07-15 00:00:00'),
(253, 20, 37, '2006-07-02 00:00:00', '2006-07-15 00:00:00'),
(254, 83, 3, '2006-07-02 00:00:00', '2006-07-16 00:00:00'),
(255, 23, 26, '2006-07-03 00:00:00', '2006-07-04 00:00:00'),
(256, 93, 37, '2006-07-04 00:00:00', '2006-07-23 00:00:00'),
(257, 52, 14, '2006-07-04 00:00:00', '2006-07-17 00:00:00'),
(258, 21, 30, '2006-07-05 00:00:00', '2006-07-10 00:00:00'),
(259, 3, 4, '2006-07-05 00:00:00', '2006-07-26 00:00:00'),
(260, 14, 29, '2006-07-06 00:00:00', '2006-07-14 00:00:00'),
(261, 80, 19, '2006-07-07 00:00:00', '2006-07-14 00:00:00'),
(262, 59, 43, '2006-07-07 00:00:00', '2006-07-24 00:00:00'),
(263, 23, 1, '2006-07-07 00:00:00', '2006-07-13 00:00:00'),
(264, 5, 10, '2006-07-09 00:00:00', '2006-07-31 00:00:00'),
(265, 28, 6, '2006-07-09 00:00:00', '2006-07-26 00:00:00'),
(266, 10, 23, '2006-07-10 00:00:00', '2006-07-27 00:00:00'),
(267, 30, 3, '2006-07-10 00:00:00', '2006-07-21 00:00:00'),
(268, 58, 26, '2006-07-11 00:00:00', '2006-07-17 00:00:00'),
(269, 50, 33, '2006-07-11 00:00:00', '2006-07-13 00:00:00'),
(270, 7, 43, '2006-07-12 00:00:00', '2006-07-23 00:00:00'),
(271, 90, 40, '2006-07-13 00:00:00', '2006-07-27 00:00:00'),
(272, 20, 41, '2006-07-13 00:00:00', '2006-07-31 00:00:00'),
(273, 61, 27, '2006-07-14 00:00:00', '2006-07-25 00:00:00'),
(274, 52, 34, '2006-07-15 00:00:00', '2006-07-20 00:00:00'),
(275, 56, 17, '2006-07-15 00:00:00', '2006-08-02 00:00:00'),
(276, 75, 20, '2006-07-15 00:00:00', '2006-08-04 00:00:00'),
(277, 70, 39, '2006-07-16 00:00:00', '2006-07-20 00:00:00'),
(278, 66, 16, '2006-07-16 00:00:00', '2006-07-23 00:00:00'),
(279, 65, 3, '2006-07-16 00:00:00', '2006-08-02 00:00:00'),
(280, 42, 18, '2006-07-17 00:00:00', '2006-07-28 00:00:00'),
(281, 53, 2, '2006-07-17 00:00:00', '2006-07-20 00:00:00'),
(282, 21, 26, '2006-07-18 00:00:00', '2006-08-04 00:00:00'),
(283, 45, 21, '2006-07-18 00:00:00', '2006-07-25 00:00:00'),
(284, 65, 5, '2006-07-21 00:00:00', '2006-07-22 00:00:00'),
(285, 19, 17, '2006-07-21 00:00:00', '2006-08-11 00:00:00'),
(286, 98, 27, '2006-07-21 00:00:00', '2006-07-25 00:00:00'),
(287, 59, 32, '2006-07-21 00:00:00', '2006-07-24 00:00:00'),
(288, 33, 16, '2006-07-22 00:00:00', '2006-08-11 00:00:00'),
(289, 95, 33, '2006-07-22 00:00:00', '2006-08-09 00:00:00'),
(290, 87, 38, '2006-07-23 00:00:00', '2006-08-07 00:00:00'),
(291, 4, 19, '2006-07-25 00:00:00', '2006-07-28 00:00:00'),
(292, 87, 12, '2006-07-26 00:00:00', '2006-07-31 00:00:00'),
(293, 54, 28, '2006-07-26 00:00:00', '2006-08-15 00:00:00'),
(294, 53, 38, '2006-07-27 00:00:00', '2006-08-15 00:00:00'),
(295, 13, 10, '2006-07-27 00:00:00', '2006-08-01 00:00:00'),
(296, 6, 33, '2006-08-01 00:00:00', '2006-08-21 00:00:00'),
(297, 26, 27, '2006-08-02 00:00:00', '2006-08-18 00:00:00'),
(298, 13, 32, '2006-08-03 00:00:00', '2006-08-06 00:00:00'),
(299, 18, 21, '2006-08-03 00:00:00', '2006-08-15 00:00:00'),
(300, 48, 21, '2006-08-03 00:00:00', '2006-08-04 00:00:00'),
(301, 72, 29, '2006-08-04 00:00:00', '2006-08-16 00:00:00'),
(302, 64, 6, '2006-08-04 00:00:00', '2006-08-21 00:00:00'),
(303, 91, 15, '2006-08-05 00:00:00', '2006-08-22 00:00:00'),
(304, 57, 31, '2006-08-05 00:00:00', '2006-08-07 00:00:00'),
(305, 29, 16, '2006-08-06 00:00:00', '2006-08-11 00:00:00'),
(306, 86, 11, '2006-08-06 00:00:00', '2006-08-10 00:00:00'),
(307, 40, 3, '2006-08-06 00:00:00', '2006-08-20 00:00:00'),
(308, 92, 16, '2006-08-06 00:00:00', '2006-08-25 00:00:00'),
(309, 48, 9, '2006-08-08 00:00:00', '2006-08-16 00:00:00'),
(310, 36, 11, '2006-08-08 00:00:00', '2006-08-30 00:00:00'),
(311, 5, 27, '2006-08-08 00:00:00', '2006-08-25 00:00:00'),
(312, 73, 20, '2006-08-11 00:00:00', '2006-08-20 00:00:00'),
(313, 35, 7, '2006-08-11 00:00:00', '2006-08-16 00:00:00'),
(314, 77, 11, '2006-08-12 00:00:00', '2006-08-16 00:00:00'),
(315, 76, 19, '2006-08-13 00:00:00', '2006-08-25 00:00:00'),
(316, 15, 3, '2006-08-14 00:00:00', '2006-08-22 00:00:00'),
(317, 18, 34, '2006-08-14 00:00:00', '2006-08-18 00:00:00'),
(318, 4, 6, '2006-08-15 00:00:00', '2006-08-30 00:00:00'),
(319, 11, 15, '2006-08-17 00:00:00', '2006-08-21 00:00:00'),
(320, 81, 35, '2006-08-17 00:00:00', '2006-09-07 00:00:00'),
(321, 16, 40, '2006-08-17 00:00:00', '2006-08-24 00:00:00'),
(322, 23, 26, '2006-08-18 00:00:00', '2006-08-25 00:00:00'),
(323, 12, 5, '2006-08-18 00:00:00', '2006-09-02 00:00:00'),
(324, 99, 10, '2006-08-18 00:00:00', '2006-08-20 00:00:00'),
(325, 77, 14, '2006-08-20 00:00:00', '2006-08-28 00:00:00'),
(326, 89, 42, '2006-08-21 00:00:00', '2006-08-28 00:00:00'),
(327, 50, 31, '2006-08-21 00:00:00', '2006-08-27 00:00:00'),
(328, 18, 20, '2006-08-22 00:00:00', '2006-08-28 00:00:00'),
(329, 5, 13, '2006-08-22 00:00:00', '2006-09-10 00:00:00'),
(330, 76, 18, '2006-08-23 00:00:00', '2006-09-03 00:00:00'),
(331, 71, 3, '2006-08-23 00:00:00', '2006-09-12 00:00:00'),
(332, 77, 25, '2006-08-23 00:00:00', '2006-08-29 00:00:00'),
(333, 52, 27, '2006-08-24 00:00:00', '2006-08-27 00:00:00'),
(334, 58, 33, '2006-08-27 00:00:00', '2006-09-06 00:00:00'),
(335, 81, 36, '2006-08-28 00:00:00', '2006-09-07 00:00:00'),
(336, 62, 36, '2006-09-01 00:00:00', '2006-09-17 00:00:00'),
(337, 47, 34, '2006-09-01 00:00:00', '2006-09-05 00:00:00'),
(338, 46, 31, '2006-09-01 00:00:00', '2006-09-22 00:00:00'),
(339, 22, 2, '2006-09-01 00:00:00', '2006-09-08 00:00:00'),
(340, 88, 12, '2006-09-01 00:00:00', '2006-09-14 00:00:00'),
(341, 50, 2, '2006-09-02 00:00:00', '2006-09-16 00:00:00'),
(342, 59, 35, '2006-09-03 00:00:00', '2006-09-12 00:00:00'),
(343, 71, 22, '2006-09-04 00:00:00', '2006-09-19 00:00:00'),
(344, 58, 18, '2006-09-04 00:00:00', '2006-09-07 00:00:00'),
(345, 83, 9, '2006-09-07 00:00:00', '2006-09-09 00:00:00'),
(346, 28, 9, '2006-09-07 00:00:00', '2006-09-12 00:00:00'),
(347, 91, 37, '2006-09-08 00:00:00', '2006-09-22 00:00:00'),
(348, 2, 23, '2006-09-09 00:00:00', '2006-09-30 00:00:00'),
(349, 36, 25, '2006-09-09 00:00:00', '2006-09-13 00:00:00'),
(350, 36, 29, '2006-09-09 00:00:00', '2006-09-19 00:00:00'),
(351, 60, 29, '2006-09-10 00:00:00', '2006-09-22 00:00:00'),
(352, 2, 16, '2006-09-10 00:00:00', '2006-09-21 00:00:00'),
(353, 61, 13, '2006-09-12 00:00:00', '2006-09-24 00:00:00'),
(354, 80, 13, '2006-09-12 00:00:00', '2006-09-13 00:00:00'),
(355, 93, 27, '2006-09-13 00:00:00', '2006-09-21 00:00:00'),
(356, 5, 3, '2006-09-14 00:00:00', '2006-09-25 00:00:00'),
(357, 16, 23, '2006-09-14 00:00:00', '2006-10-03 00:00:00'),
(358, 1, 2, '2006-09-16 00:00:00', '2006-09-17 00:00:00'),
(359, 92, 6, '2006-09-18 00:00:00', '2006-10-04 00:00:00'),
(360, 23, 4, '2006-09-22 00:00:00', '2006-09-25 00:00:00'),
(361, 92, 22, '2006-09-22 00:00:00', '2006-10-01 00:00:00'),
(362, 12, 7, '2006-09-23 00:00:00', '2006-09-30 00:00:00'),
(363, 77, 41, '2006-09-23 00:00:00', '2006-10-12 00:00:00'),
(364, 6, 4, '2006-09-23 00:00:00', '2006-10-03 00:00:00'),
(365, 70, 18, '2006-09-24 00:00:00', '2006-10-15 00:00:00'),
(366, 64, 34, '2006-09-25 00:00:00', '2006-10-02 00:00:00'),
(367, 80, 28, '2006-09-26 00:00:00', '2006-10-17 00:00:00'),
(368, 66, 29, '2006-09-26 00:00:00', '2006-10-09 00:00:00'),
(369, 78, 38, '2006-09-26 00:00:00', '2006-10-16 00:00:00'),
(370, 95, 41, '2006-09-27 00:00:00', '2006-10-16 00:00:00'),
(371, 32, 13, '2006-10-01 00:00:00', '2006-10-08 00:00:00'),
(372, 61, 10, '2006-10-02 00:00:00', '2006-10-19 00:00:00'),
(373, 98, 17, '2006-10-02 00:00:00', '2006-10-05 00:00:00'),
(374, 85, 40, '2006-10-02 00:00:00', '2006-10-07 00:00:00'),
(375, 67, 8, '2006-10-02 00:00:00', '2006-10-21 00:00:00'),
(376, 16, 9, '2006-10-04 00:00:00', '2006-10-08 00:00:00'),
(377, 89, 34, '2006-10-04 00:00:00', '2006-10-08 00:00:00'),
(378, 36, 35, '2006-10-04 00:00:00', '2006-10-22 00:00:00'),
(379, 25, 3, '2006-10-05 00:00:00', '2006-10-10 00:00:00'),
(380, 21, 39, '2006-10-05 00:00:00', '2006-10-17 00:00:00'),
(381, 61, 31, '2006-10-07 00:00:00', '2006-10-12 00:00:00'),
(382, 25, 34, '2006-10-08 00:00:00', '2006-10-16 00:00:00'),
(383, 65, 39, '2006-10-09 00:00:00', '2006-10-28 00:00:00'),
(384, 83, 12, '2006-10-09 00:00:00', '2006-10-11 00:00:00'),
(385, 54, 5, '2006-10-10 00:00:00', '2006-10-29 00:00:00'),
(386, 15, 41, '2006-10-10 00:00:00', '2006-10-29 00:00:00'),
(387, 39, 37, '2006-10-11 00:00:00', '2006-10-14 00:00:00'),
(388, 99, 34, '2006-10-11 00:00:00', '2006-10-15 00:00:00'),
(389, 33, 16, '2006-10-13 00:00:00', '2006-11-02 00:00:00'),
(390, 82, 38, '2006-10-14 00:00:00', '2006-10-30 00:00:00'),
(391, 87, 39, '2006-10-15 00:00:00', '2006-10-25 00:00:00'),
(392, 31, 13, '2006-10-15 00:00:00', '2006-11-01 00:00:00'),
(393, 4, 32, '2006-10-15 00:00:00', '2006-11-01 00:00:00'),
(394, 32, 37, '2006-10-16 00:00:00', '2006-10-27 00:00:00'),
(395, 58, 36, '2006-10-16 00:00:00', '2006-11-01 00:00:00'),
(396, 42, 17, '2006-10-16 00:00:00', '2006-10-20 00:00:00'),
(397, 36, 36, '2006-10-16 00:00:00', '2006-10-20 00:00:00'),
(398, 53, 8, '2006-10-16 00:00:00', '2006-10-23 00:00:00'),
(399, 28, 42, '2006-10-17 00:00:00', '2006-11-02 00:00:00'),
(400, 27, 6, '2006-10-17 00:00:00', '2006-10-29 00:00:00'),
(401, 63, 12, '2006-10-18 00:00:00', '2006-10-21 00:00:00'),
(402, 83, 22, '2006-10-18 00:00:00', '2006-11-04 00:00:00'),
(403, 68, 19, '2006-10-19 00:00:00', '2006-11-06 00:00:00'),
(404, 15, 17, '2006-10-19 00:00:00', '2006-11-09 00:00:00'),
(405, 79, 37, '2006-10-20 00:00:00', '2006-10-23 00:00:00'),
(406, 41, 34, '2006-10-20 00:00:00', '2006-11-01 00:00:00'),
(407, 99, 1, '2006-10-20 00:00:00', '2006-11-10 00:00:00'),
(408, 82, 43, '2006-10-21 00:00:00', '2006-11-07 00:00:00'),
(409, 84, 25, '2006-10-23 00:00:00', '2006-11-12 00:00:00'),
(410, 23, 34, '2006-10-24 00:00:00', '2006-11-07 00:00:00'),
(411, 40, 1, '2006-10-26 00:00:00', '2006-10-27 00:00:00'),
(412, 33, 30, '2006-10-26 00:00:00', '2006-11-02 00:00:00'),
(413, 95, 16, '2006-10-26 00:00:00', '2006-11-14 00:00:00'),
(414, 24, 28, '2006-10-26 00:00:00', '2006-11-02 00:00:00'),
(415, 34, 18, '2006-10-27 00:00:00', '2006-10-29 00:00:00'),
(416, 18, 41, '2006-10-27 00:00:00', '2006-10-31 00:00:00'),
(417, 78, 29, '2006-10-28 00:00:00', '2006-11-18 00:00:00'),
(418, 19, 1, '2006-11-01 00:00:00', '2006-11-04 00:00:00'),
(419, 17, 21, '2006-11-01 00:00:00', '2006-11-23 00:00:00'),
(420, 58, 30, '2006-11-02 00:00:00', '2006-11-06 00:00:00'),
(421, 58, 35, '2006-11-02 00:00:00', '2006-11-03 00:00:00'),
(422, 30, 35, '2006-11-02 00:00:00', '2006-11-09 00:00:00'),
(423, 58, 35, '2006-11-03 00:00:00', '2006-11-13 00:00:00'),
(424, 42, 17, '2006-11-03 00:00:00', '2006-11-17 00:00:00'),
(425, 53, 30, '2006-11-03 00:00:00', '2006-11-23 00:00:00'),
(426, 38, 27, '2006-11-04 00:00:00', '2006-11-17 00:00:00'),
(427, 30, 8, '2006-11-04 00:00:00', '2006-11-04 00:00:00'),
(428, 87, 29, '2006-11-05 00:00:00', '2006-11-13 00:00:00'),
(429, 62, 25, '2006-11-05 00:00:00', '2006-11-25 00:00:00'),
(430, 27, 2, '2006-11-05 00:00:00', '2006-11-18 00:00:00'),
(431, 83, 22, '2006-11-06 00:00:00', '2006-11-28 00:00:00'),
(432, 12, 19, '2006-11-07 00:00:00', '2006-11-25 00:00:00'),
(433, 53, 44, '2006-11-08 00:00:00', '2006-11-16 00:00:00'),
(434, 70, 3, '2006-11-10 00:00:00', '2006-12-01 00:00:00'),
(435, 93, 14, '2006-11-10 00:00:00', '2006-11-28 00:00:00'),
(436, 43, 39, '2006-11-10 00:00:00', '2006-11-24 00:00:00'),
(437, 71, 8, '2006-11-10 00:00:00', '2006-11-18 00:00:00'),
(438, 83, 32, '2006-11-11 00:00:00', '2006-12-02 00:00:00'),
(439, 12, 14, '2006-11-11 00:00:00', '2006-11-13 00:00:00'),
(440, 17, 44, '2006-11-12 00:00:00', '2006-11-20 00:00:00'),
(441, 51, 19, '2006-11-13 00:00:00', '2006-11-16 00:00:00'),
(442, 36, 3, '2006-11-15 00:00:00', '2006-12-03 00:00:00'),
(443, 19, 38, '2006-11-15 00:00:00', '2006-11-24 00:00:00'),
(444, 51, 42, '2006-11-15 00:00:00', '2006-11-29 00:00:00'),
(445, 48, 5, '2006-11-17 00:00:00', '2006-12-05 00:00:00'),
(446, 76, 41, '2006-11-18 00:00:00', '2006-12-02 00:00:00'),
(447, 48, 31, '2006-11-18 00:00:00', '2006-12-07 00:00:00'),
(448, 36, 8, '2006-11-19 00:00:00', '2006-11-25 00:00:00'),
(449, 84, 25, '2006-11-19 00:00:00', '2006-12-04 00:00:00'),
(450, 64, 32, '2006-11-19 00:00:00', '2006-11-26 00:00:00'),
(451, 19, 30, '2006-11-19 00:00:00', '2006-11-23 00:00:00'),
(452, 9, 4, '2006-11-20 00:00:00', '2006-11-28 00:00:00'),
(453, 88, 36, '2006-11-22 00:00:00', '2006-12-12 00:00:00'),
(454, 30, 15, '2006-11-23 00:00:00', '2006-12-08 00:00:00'),
(455, 71, 16, '2006-11-23 00:00:00', '2006-12-05 00:00:00'),
(456, 27, 43, '2006-11-24 00:00:00', '2006-12-15 00:00:00'),
(457, 82, 5, '2006-11-26 00:00:00', '2006-12-01 00:00:00'),
(458, 61, 3, '2006-11-27 00:00:00', '2006-12-07 00:00:00'),
(459, 71, 34, '2006-11-28 00:00:00', '2006-12-04 00:00:00'),
(460, 27, 27, '2006-11-28 00:00:00', '2006-12-08 00:00:00'),
(461, 89, 23, '2006-11-28 00:00:00', '2006-12-12 00:00:00'),
(462, 27, 19, '2007-01-01 00:00:00', '2007-01-08 00:00:00'),
(463, 74, 36, '2007-01-01 00:00:00', '2007-01-12 00:00:00'),
(464, 13, 3, '2007-01-02 00:00:00', '2007-01-16 00:00:00'),
(465, 50, 37, '2007-01-02 00:00:00', '2007-01-08 00:00:00'),
(466, 2, 31, '2007-01-02 00:00:00', '2007-01-20 00:00:00'),
(467, 46, 41, '2007-01-02 00:00:00', '2007-01-03 00:00:00'),
(468, 10, 41, '2007-01-04 00:00:00', '2007-01-05 00:00:00'),
(469, 66, 1, '2007-01-04 00:00:00', '2007-01-10 00:00:00'),
(470, 23, 17, '2007-01-06 00:00:00', '2007-01-18 00:00:00'),
(471, 2, 5, '2007-01-10 00:00:00', '2007-01-30 00:00:00'),
(472, 13, 25, '2007-01-10 00:00:00', '2007-01-22 00:00:00'),
(473, 50, 14, '2007-01-11 00:00:00', '2007-01-29 00:00:00'),
(474, 35, 15, '2007-01-13 00:00:00', '2007-02-02 00:00:00'),
(475, 62, 15, '2007-01-14 00:00:00', '2007-01-16 00:00:00'),
(476, 25, 11, '2007-01-15 00:00:00', '2007-01-23 00:00:00'),
(477, 85, 9, '2007-01-16 00:00:00', '2007-01-23 00:00:00'),
(478, 19, 15, '2007-01-16 00:00:00', '2007-01-22 00:00:00'),
(479, 34, 34, '2007-01-17 00:00:00', '2007-01-29 00:00:00'),
(480, 91, 13, '2007-01-17 00:00:00', '2007-01-25 00:00:00'),
(481, 58, 30, '2007-01-17 00:00:00', '2007-02-04 00:00:00'),
(482, 26, 42, '2007-01-19 00:00:00', '2007-01-19 00:00:00'),
(483, 91, 30, '2007-01-19 00:00:00', '2007-01-24 00:00:00'),
(484, 36, 19, '2007-01-20 00:00:00', '2007-01-24 00:00:00'),
(485, 49, 23, '2007-01-20 00:00:00', '2007-01-22 00:00:00'),
(486, 14, 13, '2007-01-21 00:00:00', '2007-02-03 00:00:00'),
(487, 45, 28, '2007-01-21 00:00:00', '2007-01-30 00:00:00'),
(488, 16, 10, '2007-01-21 00:00:00', '2007-01-25 00:00:00'),
(489, 22, 24, '2007-01-22 00:00:00', '2007-01-24 00:00:00'),
(490, 81, 14, '2007-01-23 00:00:00', '2007-01-26 00:00:00'),
(491, 5, 43, '2007-01-23 00:00:00', '2007-02-10 00:00:00'),
(492, 51, 23, '2007-01-23 00:00:00', '2007-02-08 00:00:00'),
(493, 24, 15, '2007-01-25 00:00:00', '2007-02-06 00:00:00'),
(494, 12, 11, '2007-01-25 00:00:00', '2007-02-06 00:00:00'),
(495, 48, 33, '2007-01-26 00:00:00', '2007-02-04 00:00:00'),
(496, 79, 44, '2007-01-26 00:00:00', '2007-02-02 00:00:00'),
(497, 66, 33, '2007-01-27 00:00:00', '2007-02-17 00:00:00'),
(498, 45, 44, '2007-01-27 00:00:00', '2007-02-02 00:00:00'),
(499, 35, 38, '2007-01-28 00:00:00', '2007-02-03 00:00:00'),
(500, 64, 5, '2007-02-02 00:00:00', '2007-02-16 00:00:00'),
(501, 3, 9, '2007-02-02 00:00:00', '2007-02-06 00:00:00'),
(502, 54, 28, '2007-02-02 00:00:00', '2007-02-02 00:00:00'),
(503, 28, 11, '2007-02-03 00:00:00', '2007-02-11 00:00:00'),
(504, 63, 32, '2007-02-03 00:00:00', '2007-02-11 00:00:00'),
(505, 92, 26, '2007-02-03 00:00:00', '2007-02-03 00:00:00'),
(506, 51, 5, '2007-02-04 00:00:00', '2007-02-20 00:00:00'),
(507, 64, 25, '2007-02-05 00:00:00', '2007-02-15 00:00:00'),
(508, 18, 42, '2007-02-05 00:00:00', '2007-02-24 00:00:00'),
(509, 36, 5, '2007-02-08 00:00:00', '2007-02-21 00:00:00'),
(510, 31, 38, '2007-02-08 00:00:00', '2007-02-25 00:00:00'),
(511, 89, 31, '2007-02-08 00:00:00', '2007-02-12 00:00:00'),
(512, 29, 16, '2007-02-09 00:00:00', '2007-02-09 00:00:00'),
(513, 2, 37, '2007-02-10 00:00:00', '2007-02-25 00:00:00'),
(514, 47, 28, '2007-02-11 00:00:00', '2007-03-05 00:00:00'),
(515, 46, 35, '2007-02-12 00:00:00', '2007-03-03 00:00:00'),
(516, 95, 2, '2007-02-14 00:00:00', '2007-02-25 00:00:00'),
(517, 83, 2, '2007-02-14 00:00:00', '2007-02-21 00:00:00'),
(518, 16, 5, '2007-02-14 00:00:00', '2007-02-16 00:00:00'),
(519, 51, 25, '2007-02-15 00:00:00', '2007-03-06 00:00:00'),
(520, 75, 37, '2007-02-15 00:00:00', '2007-03-01 00:00:00'),
(521, 42, 41, '2007-02-15 00:00:00', '2007-03-03 00:00:00'),
(522, 81, 39, '2007-02-16 00:00:00', '2007-02-18 00:00:00'),
(523, 29, 38, '2007-02-17 00:00:00', '2007-03-03 00:00:00'),
(524, 16, 1, '2007-02-17 00:00:00', '2007-02-27 00:00:00'),
(525, 81, 5, '2007-02-17 00:00:00', '2007-03-05 00:00:00'),
(526, 50, 29, '2007-02-18 00:00:00', '2007-02-25 00:00:00'),
(527, 66, 15, '2007-02-18 00:00:00', '2007-03-06 00:00:00'),
(528, 9, 28, '2007-02-18 00:00:00', '2007-02-18 00:00:00'),
(529, 11, 38, '2007-02-18 00:00:00', '2007-03-07 00:00:00'),
(530, 15, 40, '2007-02-19 00:00:00', '2007-03-08 00:00:00'),
(531, 1, 5, '2007-02-20 00:00:00', '2007-03-09 00:00:00'),
(532, 61, 17, '2007-02-20 00:00:00', '2007-03-09 00:00:00'),
(533, 89, 19, '2007-02-20 00:00:00', '2007-02-21 00:00:00'),
(534, 79, 16, '2007-02-21 00:00:00', '2007-02-23 00:00:00'),
(535, 34, 22, '2007-02-22 00:00:00', '2007-03-06 00:00:00'),
(536, 97, 30, '2007-02-23 00:00:00', '2007-03-16 00:00:00'),
(537, 71, 18, '2007-02-23 00:00:00', '2007-02-25 00:00:00'),
(538, 37, 23, '2007-02-24 00:00:00', '2007-03-09 00:00:00'),
(539, 10, 13, '2007-02-24 00:00:00', '2007-03-14 00:00:00'),
(540, 94, 16, '2007-02-24 00:00:00', '2007-02-28 00:00:00'),
(541, 97, 25, '2007-02-25 00:00:00', '2007-03-10 00:00:00'),
(542, 78, 23, '2007-02-26 00:00:00', '2007-03-09 00:00:00'),
(543, 97, 39, '2007-02-27 00:00:00', '2007-03-14 00:00:00'),
(544, 54, 10, '2007-02-27 00:00:00', '2007-03-08 00:00:00'),
(545, 74, 29, '2007-02-27 00:00:00', '2007-03-20 00:00:00'),
(546, 26, 12, '2007-03-01 00:00:00', '2007-03-01 00:00:00'),
(547, 35, 24, '2007-03-02 00:00:00', '2007-03-14 00:00:00'),
(548, 76, 5, '2007-03-02 00:00:00', '2007-03-23 00:00:00'),
(549, 10, 30, '2007-03-03 00:00:00', '2007-03-11 00:00:00'),
(550, 71, 17, '2007-03-03 00:00:00', '2007-03-19 00:00:00'),
(551, 42, 3, '2007-03-05 00:00:00', '2007-03-08 00:00:00'),
(552, 6, 12, '2007-03-05 00:00:00', '2007-03-09 00:00:00'),
(553, 68, 24, '2007-03-06 00:00:00', '2007-03-06 00:00:00'),
(554, 5, 28, '2007-03-07 00:00:00', '2007-03-16 00:00:00'),
(555, 92, 27, '2007-03-10 00:00:00', '2007-03-23 00:00:00'),
(556, 51, 42, '2007-03-10 00:00:00', '2007-03-19 00:00:00'),
(557, 57, 5, '2007-03-10 00:00:00', '2007-03-14 00:00:00'),
(558, 73, 16, '2007-03-11 00:00:00', '2007-03-30 00:00:00'),
(559, 4, 42, '2007-03-11 00:00:00', '2007-03-19 00:00:00'),
(560, 67, 17, '2007-03-12 00:00:00', '2007-03-21 00:00:00'),
(561, 87, 42, '2007-03-12 00:00:00', '2007-03-13 00:00:00'),
(562, 98, 4, '2007-03-12 00:00:00', '2007-03-29 00:00:00'),
(563, 61, 2, '2007-03-13 00:00:00', '2007-03-25 00:00:00'),
(564, 94, 32, '2007-03-13 00:00:00', '2007-04-04 00:00:00'),
(565, 38, 31, '2007-03-13 00:00:00', '2007-03-17 00:00:00'),
(566, 1, 11, '2007-03-15 00:00:00', '2007-04-04 00:00:00'),
(567, 43, 42, '2007-03-16 00:00:00', '2007-03-20 00:00:00'),
(568, 18, 41, '2007-03-16 00:00:00', '2007-03-30 00:00:00'),
(569, 5, 29, '2007-03-16 00:00:00', '2007-03-19 00:00:00'),
(570, 72, 26, '2007-03-16 00:00:00', '2007-03-23 00:00:00'),
(571, 41, 33, '2007-03-16 00:00:00', '2007-03-17 00:00:00'),
(572, 11, 2, '2007-03-17 00:00:00', '2007-04-07 00:00:00'),
(573, 85, 15, '2007-03-18 00:00:00', '2007-04-06 00:00:00'),
(574, 68, 9, '2007-03-18 00:00:00', '2007-03-20 00:00:00'),
(575, 34, 17, '2007-03-19 00:00:00', '2007-04-04 00:00:00'),
(576, 69, 18, '2007-03-19 00:00:00', '2007-03-31 00:00:00'),
(577, 23, 2, '2007-03-21 00:00:00', '2007-03-29 00:00:00'),
(578, 89, 11, '2007-03-21 00:00:00', '2007-03-29 00:00:00'),
(579, 59, 15, '2007-03-22 00:00:00', '2007-03-23 00:00:00'),
(580, 81, 28, '2007-03-22 00:00:00', '2007-03-24 00:00:00'),
(581, 70, 19, '2007-03-22 00:00:00', '2007-04-08 00:00:00'),
(582, 34, 28, '2007-03-23 00:00:00', '2007-03-28 00:00:00'),
(583, 10, 25, '2007-03-23 00:00:00', '2007-03-30 00:00:00'),
(584, 81, 34, '2007-03-23 00:00:00', '2007-04-09 00:00:00'),
(585, 73, 29, '2007-03-27 00:00:00', '2007-03-31 00:00:00'),
(586, 17, 16, '2007-03-27 00:00:00', '2007-04-12 00:00:00'),
(587, 44, 32, '2007-03-27 00:00:00', '2007-04-04 00:00:00'),
(588, 7, 2, '2007-03-28 00:00:00', '2007-04-01 00:00:00'),
(589, 46, 38, '2007-04-01 00:00:00', '2007-04-14 00:00:00'),
(590, 39, 2, '2007-04-02 00:00:00', '2007-04-06 00:00:00'),
(591, 44, 25, '2007-04-03 00:00:00', '2007-04-19 00:00:00'),
(592, 62, 28, '2007-04-04 00:00:00', '2007-04-05 00:00:00'),
(593, 97, 43, '2007-04-05 00:00:00', '2007-04-12 00:00:00'),
(594, 28, 11, '2007-04-06 00:00:00', '2007-04-17 00:00:00'),
(595, 51, 32, '2007-04-09 00:00:00', '2007-04-20 00:00:00'),
(596, 79, 5, '2007-04-09 00:00:00', '2007-04-09 00:00:00'),
(597, 94, 27, '2007-04-11 00:00:00', '2007-04-11 00:00:00'),
(598, 23, 4, '2007-04-11 00:00:00', '2007-04-13 00:00:00'),
(599, 6, 13, '2007-04-11 00:00:00', '2007-04-26 00:00:00'),
(600, 93, 41, '2007-04-11 00:00:00', '2007-04-23 00:00:00'),
(601, 86, 37, '2007-04-13 00:00:00', '2007-04-29 00:00:00'),
(602, 69, 20, '2007-04-15 00:00:00', '2007-04-30 00:00:00'),
(603, 9, 39, '2007-04-15 00:00:00', '2007-05-02 00:00:00'),
(604, 57, 18, '2007-04-16 00:00:00', '2007-04-18 00:00:00'),
(605, 82, 40, '2007-04-16 00:00:00', '2007-04-27 00:00:00'),
(606, 11, 14, '2007-04-16 00:00:00', '2007-04-26 00:00:00'),
(607, 69, 42, '2007-04-16 00:00:00', '2007-05-07 00:00:00'),
(608, 69, 29, '2007-04-17 00:00:00', '2007-04-29 00:00:00'),
(609, 28, 38, '2007-04-18 00:00:00', '2007-04-25 00:00:00'),
(610, 46, 38, '2007-04-18 00:00:00', '2007-05-09 00:00:00'),
(611, 1, 32, '2007-04-18 00:00:00', '2007-05-09 00:00:00'),
(612, 91, 3, '2007-04-19 00:00:00', '2007-04-26 00:00:00'),
(613, 15, 35, '2007-04-19 00:00:00', '2007-04-23 00:00:00'),
(614, 11, 4, '2007-04-19 00:00:00', '2007-04-26 00:00:00'),
(615, 83, 32, '2007-04-20 00:00:00', '2007-04-27 00:00:00'),
(616, 10, 5, '2007-04-20 00:00:00', '2007-04-21 00:00:00'),
(617, 71, 31, '2007-04-20 00:00:00', '2007-04-23 00:00:00'),
(618, 30, 34, '2007-04-20 00:00:00', '2007-05-09 00:00:00'),
(619, 97, 44, '2007-04-21 00:00:00', '2007-05-01 00:00:00'),
(620, 24, 5, '2007-04-21 00:00:00', '2007-05-10 00:00:00'),
(621, 25, 32, '2007-04-22 00:00:00', '2007-05-13 00:00:00'),
(622, 35, 1, '2007-04-22 00:00:00', '2007-05-01 00:00:00'),
(623, 60, 18, '2007-04-24 00:00:00', '2007-05-12 00:00:00'),
(624, 1, 36, '2007-04-24 00:00:00', '2007-05-06 00:00:00'),
(625, 22, 38, '2007-04-24 00:00:00', '2007-05-02 00:00:00'),
(626, 2, 29, '2007-04-25 00:00:00', '2007-04-29 00:00:00'),
(627, 64, 22, '2007-04-28 00:00:00', '2007-05-06 00:00:00'),
(628, 14, 2, '2007-04-28 00:00:00', '2007-05-18 00:00:00'),
(629, 68, 37, '2007-05-02 00:00:00', '2007-05-09 00:00:00'),
(630, 88, 24, '2007-05-02 00:00:00', '2007-05-12 00:00:00'),
(631, 24, 41, '2007-05-03 00:00:00', '2007-05-21 00:00:00'),
(632, 67, 13, '2007-05-03 00:00:00', '2007-05-20 00:00:00'),
(633, 29, 27, '2007-05-03 00:00:00', '2007-05-10 00:00:00'),
(634, 96, 6, '2007-05-03 00:00:00', '2007-05-06 00:00:00'),
(635, 3, 11, '2007-05-04 00:00:00', '2007-05-09 00:00:00'),
(636, 42, 3, '2007-05-05 00:00:00', '2007-05-23 00:00:00'),
(637, 53, 38, '2007-05-05 00:00:00', '2007-05-17 00:00:00'),
(638, 53, 38, '2007-05-06 00:00:00', '2007-05-19 00:00:00'),
(639, 96, 7, '2007-05-08 00:00:00', '2007-05-23 00:00:00'),
(640, 45, 43, '2007-05-08 00:00:00', '2007-05-20 00:00:00'),
(641, 9, 27, '2007-05-10 00:00:00', '2007-05-29 00:00:00'),
(642, 18, 39, '2007-05-11 00:00:00', '2007-06-02 00:00:00'),
(643, 91, 33, '2007-05-11 00:00:00', '2007-05-29 00:00:00'),
(644, 71, 41, '2007-05-11 00:00:00', '2007-05-19 00:00:00'),
(645, 47, 9, '2007-05-12 00:00:00', '2007-05-26 00:00:00'),
(646, 81, 8, '2007-05-12 00:00:00', '2007-05-28 00:00:00'),
(647, 89, 37, '2007-05-14 00:00:00', '2007-05-23 00:00:00'),
(648, 53, 11, '2007-05-15 00:00:00', '2007-05-18 00:00:00'),
(649, 92, 39, '2007-05-15 00:00:00', '2007-05-26 00:00:00'),
(650, 61, 33, '2007-05-16 00:00:00', '2007-05-27 00:00:00'),
(651, 67, 38, '2007-05-16 00:00:00', '2007-05-21 00:00:00'),
(652, 35, 8, '2007-05-17 00:00:00', '2007-05-21 00:00:00'),
(653, 92, 24, '2007-05-17 00:00:00', '2007-05-30 00:00:00'),
(654, 98, 14, '2007-05-17 00:00:00', '2007-06-04 00:00:00'),
(655, 78, 33, '2007-05-18 00:00:00', '2007-05-31 00:00:00'),
(656, 48, 33, '2007-05-19 00:00:00', '2007-06-05 00:00:00'),
(657, 45, 21, '2007-05-20 00:00:00', '2007-05-23 00:00:00'),
(658, 61, 9, '2007-05-21 00:00:00', '2007-06-05 00:00:00'),
(659, 73, 38, '2007-05-21 00:00:00', '2007-06-06 00:00:00'),
(660, 55, 11, '2007-05-22 00:00:00', '2007-06-07 00:00:00'),
(661, 29, 14, '2007-05-22 00:00:00', '2007-06-11 00:00:00'),
(662, 53, 23, '2007-05-22 00:00:00', '2007-05-31 00:00:00'),
(663, 99, 24, '2007-05-23 00:00:00', '2007-06-07 00:00:00'),
(664, 80, 19, '2007-05-24 00:00:00', '2007-05-24 00:00:00'),
(665, 90, 44, '2007-05-24 00:00:00', '2007-06-13 00:00:00'),
(666, 55, 40, '2007-05-24 00:00:00', '2007-06-09 00:00:00'),
(667, 46, 29, '2007-05-24 00:00:00', '2007-05-30 00:00:00'),
(668, 4, 8, '2007-05-25 00:00:00', '2007-05-27 00:00:00'),
(669, 28, 26, '2007-05-27 00:00:00', '2007-06-18 00:00:00'),
(670, 86, 28, '2007-05-27 00:00:00', '2007-06-16 00:00:00'),
(671, 1, 38, '2007-05-27 00:00:00', '2007-06-14 00:00:00'),
(672, 63, 2, '2007-05-28 00:00:00', '2007-06-12 00:00:00'),
(673, 86, 22, '2007-05-28 00:00:00', '2007-05-30 00:00:00'),
(674, 54, 38, '2007-06-01 00:00:00', '2007-06-15 00:00:00'),
(675, 87, 3, '2007-06-01 00:00:00', '2007-06-02 00:00:00'),
(676, 6, 21, '2007-06-01 00:00:00', '2007-06-10 00:00:00'),
(677, 82, 27, '2007-06-02 00:00:00', '2007-06-22 00:00:00'),
(678, 73, 42, '2007-06-03 00:00:00', '2007-06-12 00:00:00'),
(679, 66, 30, '2007-06-03 00:00:00', '2007-06-07 00:00:00'),
(680, 86, 15, '2007-06-03 00:00:00', '2007-06-11 00:00:00'),
(681, 76, 16, '2007-06-04 00:00:00', '2007-06-13 00:00:00'),
(682, 76, 42, '2007-06-04 00:00:00', '2007-06-24 00:00:00'),
(683, 83, 27, '2007-06-04 00:00:00', '2007-06-10 00:00:00'),
(684, 58, 7, '2007-06-04 00:00:00', '2007-06-05 00:00:00'),
(685, 83, 1, '2007-06-05 00:00:00', '2007-06-27 00:00:00'),
(686, 69, 4, '2007-06-05 00:00:00', '2007-06-08 00:00:00'),
(687, 8, 34, '2007-06-05 00:00:00', '2007-06-26 00:00:00'),
(688, 68, 13, '2007-06-07 00:00:00', '2007-06-23 00:00:00'),
(689, 2, 28, '2007-06-09 00:00:00', '2007-06-15 00:00:00'),
(690, 88, 11, '2007-06-09 00:00:00', '2007-06-17 00:00:00'),
(691, 95, 10, '2007-06-09 00:00:00', '2007-06-13 00:00:00'),
(692, 38, 19, '2007-06-10 00:00:00', '2007-06-26 00:00:00'),
(693, 79, 14, '2007-06-11 00:00:00', '2007-06-27 00:00:00'),
(694, 30, 4, '2007-06-11 00:00:00', '2007-06-29 00:00:00'),
(695, 4, 30, '2007-06-11 00:00:00', '2007-06-24 00:00:00'),
(696, 54, 17, '2007-06-11 00:00:00', '2007-06-23 00:00:00'),
(697, 64, 18, '2007-06-11 00:00:00', '2007-06-27 00:00:00'),
(698, 79, 28, '2007-06-12 00:00:00', '2007-06-14 00:00:00'),
(699, 32, 39, '2007-06-14 00:00:00', '2007-07-02 00:00:00'),
(700, 38, 44, '2007-06-14 00:00:00', '2007-06-20 00:00:00'),
(701, 5, 35, '2007-06-15 00:00:00', '2007-07-05 00:00:00'),
(702, 35, 42, '2007-06-16 00:00:00', '2007-06-30 00:00:00'),
(703, 26, 36, '2007-06-17 00:00:00', '2007-07-03 00:00:00'),
(704, 42, 33, '2007-06-17 00:00:00', '2007-07-08 00:00:00'),
(705, 38, 18, '2007-06-17 00:00:00', '2007-06-28 00:00:00'),
(706, 29, 16, '2007-06-18 00:00:00', '2007-06-27 00:00:00'),
(707, 23, 7, '2007-06-19 00:00:00', '2007-06-30 00:00:00'),
(708, 76, 16, '2007-06-19 00:00:00', '2007-06-30 00:00:00'),
(709, 18, 30, '2007-06-21 00:00:00', '2007-06-30 00:00:00'),
(710, 23, 40, '2007-06-22 00:00:00', '2007-06-26 00:00:00'),
(711, 63, 21, '2007-06-22 00:00:00', '2007-06-28 00:00:00'),
(712, 28, 22, '2007-06-22 00:00:00', '2007-07-02 00:00:00'),
(713, 2, 11, '2007-06-22 00:00:00', '2007-07-03 00:00:00'),
(714, 27, 12, '2007-06-24 00:00:00', '2007-07-14 00:00:00'),
(715, 45, 16, '2007-06-24 00:00:00', '2007-07-09 00:00:00'),
(716, 95, 16, '2007-06-27 00:00:00', '2007-07-11 00:00:00'),
(717, 54, 25, '2007-06-27 00:00:00', '2007-07-10 00:00:00'),
(718, 69, 8, '2007-06-27 00:00:00', '2007-07-11 00:00:00'),
(719, 11, 8, '2007-06-27 00:00:00', '2007-07-02 00:00:00'),
(720, 76, 15, '2007-06-28 00:00:00', '2007-07-05 00:00:00'),
(721, 75, 9, '2007-07-01 00:00:00', '2007-07-14 00:00:00'),
(722, 28, 21, '2007-07-02 00:00:00', '2007-07-04 00:00:00'),
(723, 13, 40, '2007-07-03 00:00:00', '2007-07-25 00:00:00'),
(724, 69, 36, '2007-07-04 00:00:00', '2007-07-14 00:00:00'),
(725, 54, 44, '2007-07-04 00:00:00', '2007-07-13 00:00:00'),
(726, 16, 28, '2007-07-05 00:00:00', '2007-07-16 00:00:00'),
(727, 35, 26, '2007-07-05 00:00:00', '2007-07-09 00:00:00'),
(728, 81, 7, '2007-07-06 00:00:00', '2007-07-07 00:00:00'),
(729, 34, 22, '2007-07-06 00:00:00', '2007-07-20 00:00:00'),
(730, 5, 18, '2007-07-07 00:00:00', '2007-07-12 00:00:00'),
(731, 20, 39, '2007-07-09 00:00:00', '2007-07-23 00:00:00'),
(732, 90, 39, '2007-07-10 00:00:00', '2007-07-17 00:00:00'),
(733, 69, 34, '2007-07-10 00:00:00', '2007-07-12 00:00:00'),
(734, 35, 13, '2007-07-10 00:00:00', '2007-07-27 00:00:00'),
(735, 17, 43, '2007-07-12 00:00:00', '2007-07-21 00:00:00'),
(736, 8, 31, '2007-07-14 00:00:00', '2007-07-28 00:00:00'),
(737, 73, 42, '2007-07-15 00:00:00', '2007-08-05 00:00:00'),
(738, 75, 29, '2007-07-15 00:00:00', '2007-07-23 00:00:00'),
(739, 49, 17, '2007-07-17 00:00:00', '2007-08-06 00:00:00'),
(740, 24, 15, '2007-07-17 00:00:00', '2007-07-31 00:00:00'),
(741, 18, 5, '2007-07-18 00:00:00', '2007-07-30 00:00:00'),
(742, 39, 28, '2007-07-20 00:00:00', '2007-07-23 00:00:00'),
(743, 8, 35, '2007-07-20 00:00:00', '2007-08-09 00:00:00'),
(744, 16, 2, '2007-07-22 00:00:00', '2007-07-28 00:00:00'),
(745, 25, 19, '2007-07-22 00:00:00', '2007-07-30 00:00:00'),
(746, 30, 28, '2007-07-22 00:00:00', '2007-08-04 00:00:00'),
(747, 65, 19, '2007-07-22 00:00:00', '2007-08-11 00:00:00'),
(748, 41, 15, '2007-07-23 00:00:00', '2007-08-05 00:00:00'),
(749, 13, 39, '2007-07-23 00:00:00', '2007-08-12 00:00:00'),
(750, 21, 32, '2007-07-23 00:00:00', '2007-08-08 00:00:00'),
(751, 52, 30, '2007-07-24 00:00:00', '2007-08-14 00:00:00'),
(752, 40, 42, '2007-07-24 00:00:00', '2007-08-10 00:00:00'),
(753, 25, 21, '2007-07-24 00:00:00', '2007-07-26 00:00:00'),
(754, 64, 32, '2007-07-25 00:00:00', '2007-08-12 00:00:00'),
(755, 54, 40, '2007-07-25 00:00:00', '2007-07-25 00:00:00'),
(756, 11, 26, '2007-07-25 00:00:00', '2007-08-12 00:00:00'),
(757, 4, 42, '2007-07-27 00:00:00', '2007-08-04 00:00:00'),
(758, 95, 5, '2007-07-27 00:00:00', '2007-08-16 00:00:00'),
(759, 69, 3, '2007-07-28 00:00:00', '2007-08-15 00:00:00'),
(760, 95, 28, '2007-08-02 00:00:00', '2007-08-22 00:00:00'),
(761, 58, 44, '2007-08-02 00:00:00', '2007-08-15 00:00:00'),
(762, 15, 28, '2007-08-03 00:00:00', '2007-08-12 00:00:00'),
(763, 95, 9, '2007-08-03 00:00:00', '2007-08-20 00:00:00'),
(764, 39, 14, '2007-08-04 00:00:00', '2007-08-23 00:00:00'),
(765, 47, 1, '2007-08-04 00:00:00', '2007-08-08 00:00:00'),
(766, 82, 18, '2007-08-05 00:00:00', '2007-08-21 00:00:00'),
(767, 8, 43, '2007-08-06 00:00:00', '2007-08-07 00:00:00'),
(768, 64, 8, '2007-08-07 00:00:00', '2007-08-28 00:00:00'),
(769, 91, 5, '2007-08-07 00:00:00', '2007-08-13 00:00:00'),
(770, 70, 34, '2007-08-08 00:00:00', '2007-08-12 00:00:00'),
(771, 53, 29, '2007-08-09 00:00:00', '2007-08-31 00:00:00'),
(772, 39, 21, '2007-08-11 00:00:00', '2007-08-25 00:00:00'),
(773, 54, 14, '2007-08-11 00:00:00', '2007-08-11 00:00:00'),
(774, 9, 9, '2007-08-11 00:00:00', '2007-08-16 00:00:00'),
(775, 46, 37, '2007-08-13 00:00:00', '2007-09-01 00:00:00'),
(776, 21, 32, '2007-08-14 00:00:00', '2007-08-18 00:00:00'),
(777, 69, 30, '2007-08-16 00:00:00', '2007-08-19 00:00:00'),
(778, 64, 33, '2007-08-16 00:00:00', '2007-08-29 00:00:00'),
(779, 54, 28, '2007-08-18 00:00:00', '2007-09-05 00:00:00'),
(780, 47, 18, '2007-08-19 00:00:00', '2007-09-05 00:00:00'),
(781, 16, 28, '2007-08-19 00:00:00', '2007-09-09 00:00:00'),
(782, 5, 25, '2007-08-19 00:00:00', '2007-08-24 00:00:00'),
(783, 90, 3, '2007-08-19 00:00:00', '2007-09-09 00:00:00'),
(784, 75, 18, '2007-08-21 00:00:00', '2007-09-06 00:00:00'),
(785, 9, 39, '2007-08-22 00:00:00', '2007-09-01 00:00:00'),
(786, 8, 39, '2007-08-23 00:00:00', '2007-08-25 00:00:00'),
(787, 14, 1, '2007-08-23 00:00:00', '2007-09-11 00:00:00'),
(788, 53, 25, '2007-08-24 00:00:00', '2007-08-26 00:00:00'),
(789, 18, 1, '2007-08-24 00:00:00', '2007-08-31 00:00:00'),
(790, 44, 27, '2007-08-26 00:00:00', '2007-09-08 00:00:00'),
(791, 87, 41, '2007-08-27 00:00:00', '2007-09-12 00:00:00'),
(792, 30, 34, '2007-08-27 00:00:00', '2007-09-11 00:00:00'),
(793, 92, 30, '2007-08-27 00:00:00', '2007-08-30 00:00:00'),
(794, 87, 23, '2007-08-28 00:00:00', '2007-08-28 00:00:00'),
(795, 30, 16, '2007-08-28 00:00:00', '2007-09-04 00:00:00'),
(796, 76, 33, '2007-08-28 00:00:00', '2007-09-15 00:00:00'),
(797, 70, 21, '2007-09-01 00:00:00', '2007-09-02 00:00:00'),
(798, 6, 4, '2007-09-03 00:00:00', '2007-09-18 00:00:00'),
(799, 34, 36, '2007-09-03 00:00:00', '2007-09-15 00:00:00'),
(800, 20, 12, '2007-09-03 00:00:00', '2007-09-23 00:00:00'),
(801, 21, 18, '2007-09-04 00:00:00', '2007-09-21 00:00:00'),
(802, 96, 3, '2007-09-05 00:00:00', '2007-09-17 00:00:00'),
(803, 35, 16, '2007-09-05 00:00:00', '2007-09-09 00:00:00'),
(804, 15, 5, '2007-09-07 00:00:00', '2007-09-07 00:00:00'),
(805, 25, 29, '2007-09-07 00:00:00', '2007-09-27 00:00:00'),
(806, 96, 2, '2007-09-08 00:00:00', '2007-09-14 00:00:00'),
(807, 98, 10, '2007-09-08 00:00:00', '2007-09-27 00:00:00'),
(808, 85, 32, '2007-09-09 00:00:00', '2007-09-15 00:00:00'),
(809, 61, 41, '2007-09-09 00:00:00', '2007-09-16 00:00:00'),
(810, 78, 18, '2007-09-09 00:00:00', '2007-09-23 00:00:00'),
(811, 96, 10, '2007-09-11 00:00:00', '2007-09-16 00:00:00'),
(812, 84, 12, '2007-09-14 00:00:00', '2007-10-05 00:00:00'),
(813, 87, 29, '2007-09-14 00:00:00', '2007-09-26 00:00:00'),
(814, 45, 34, '2007-09-14 00:00:00', '2007-09-15 00:00:00'),
(815, 68, 4, '2007-09-14 00:00:00', '2007-09-22 00:00:00'),
(816, 2, 7, '2007-09-15 00:00:00', '2007-10-02 00:00:00'),
(817, 37, 33, '2007-09-16 00:00:00', '2007-09-19 00:00:00'),
(818, 37, 7, '2007-09-16 00:00:00', '2007-09-30 00:00:00'),
(819, 45, 4, '2007-09-17 00:00:00', '2007-09-26 00:00:00'),
(820, 10, 32, '2007-09-17 00:00:00', '2007-09-24 00:00:00'),
(821, 3, 36, '2007-09-18 00:00:00', '2007-10-07 00:00:00'),
(822, 35, 18, '2007-09-18 00:00:00', '2007-09-21 00:00:00'),
(823, 39, 34, '2007-09-18 00:00:00', '2007-10-07 00:00:00'),
(824, 83, 6, '2007-09-18 00:00:00', '2007-10-01 00:00:00'),
(825, 47, 13, '2007-09-19 00:00:00', '2007-10-01 00:00:00'),
(826, 75, 38, '2007-09-19 00:00:00', '2007-09-26 00:00:00'),
(827, 2, 30, '2007-09-19 00:00:00', '2007-10-08 00:00:00'),
(828, 34, 5, '2007-09-20 00:00:00', '2007-09-25 00:00:00'),
(829, 27, 29, '2007-09-24 00:00:00', '2007-09-25 00:00:00'),
(830, 65, 35, '2007-09-25 00:00:00', '2007-09-28 00:00:00'),
(831, 7, 19, '2007-09-25 00:00:00', '2007-10-07 00:00:00'),
(832, 69, 36, '2007-09-26 00:00:00', '2007-10-13 00:00:00'),
(833, 59, 27, '2007-09-27 00:00:00', '2007-10-01 00:00:00'),
(834, 99, 42, '2007-09-28 00:00:00', '2007-10-07 00:00:00'),
(835, 4, 42, '2007-09-28 00:00:00', '2007-10-15 00:00:00'),
(836, 21, 30, '2007-09-28 00:00:00', '2007-10-15 00:00:00'),
(837, 25, 19, '2007-10-01 00:00:00', '2007-10-07 00:00:00'),
(838, 88, 3, '2007-10-02 00:00:00', '2007-10-02 00:00:00'),
(839, 9, 12, '2007-10-03 00:00:00', '2007-10-17 00:00:00'),
(840, 39, 30, '2007-10-03 00:00:00', '2007-10-21 00:00:00'),
(841, 71, 30, '2007-10-04 00:00:00', '2007-10-20 00:00:00'),
(842, 24, 3, '2007-10-05 00:00:00', '2007-10-08 00:00:00'),
(843, 78, 12, '2007-10-07 00:00:00', '2007-10-12 00:00:00'),
(844, 38, 38, '2007-10-10 00:00:00', '2007-10-17 00:00:00'),
(845, 47, 32, '2007-10-11 00:00:00', '2007-10-13 00:00:00'),
(846, 66, 36, '2007-10-11 00:00:00', '2007-10-15 00:00:00'),
(847, 4, 33, '2007-10-11 00:00:00', '2007-10-27 00:00:00'),
(848, 50, 8, '2007-10-12 00:00:00', '2007-10-13 00:00:00'),
(849, 79, 32, '2007-10-12 00:00:00', '2007-10-24 00:00:00'),
(850, 53, 7, '2007-10-12 00:00:00', '2007-10-31 00:00:00'),
(851, 21, 39, '2007-10-12 00:00:00', '2007-10-30 00:00:00'),
(852, 50, 21, '2007-10-13 00:00:00', '2007-10-23 00:00:00');
INSERT INTO `islem` (`islemno`, `ogrno`, `kitapno`, `atarih`, `vtarih`) VALUES
(853, 40, 12, '2007-10-13 00:00:00', '2007-10-22 00:00:00'),
(854, 72, 14, '2007-10-14 00:00:00', '2007-10-28 00:00:00'),
(855, 95, 38, '2007-10-15 00:00:00', '2007-11-03 00:00:00'),
(856, 22, 21, '2007-10-15 00:00:00', '2007-10-15 00:00:00'),
(857, 45, 38, '2007-10-17 00:00:00', '2007-10-19 00:00:00'),
(858, 91, 10, '2007-10-17 00:00:00', '2007-10-18 00:00:00'),
(859, 51, 14, '2007-10-18 00:00:00', '2007-10-20 00:00:00'),
(860, 99, 38, '2007-10-18 00:00:00', '2007-10-27 00:00:00'),
(861, 44, 24, '2007-10-19 00:00:00', '2007-10-31 00:00:00'),
(862, 47, 21, '2007-10-20 00:00:00', '2007-11-10 00:00:00'),
(863, 72, 12, '2007-10-21 00:00:00', '2007-11-12 00:00:00'),
(864, 43, 42, '2007-10-21 00:00:00', '2007-11-02 00:00:00'),
(865, 8, 19, '2007-10-22 00:00:00', '2007-10-25 00:00:00'),
(866, 38, 25, '2007-10-23 00:00:00', '2007-11-06 00:00:00'),
(867, 92, 27, '2007-10-23 00:00:00', '2007-11-03 00:00:00'),
(868, 48, 17, '2007-10-23 00:00:00', '2007-11-03 00:00:00'),
(869, 4, 25, '2007-10-24 00:00:00', '2007-10-29 00:00:00'),
(870, 55, 7, '2007-10-25 00:00:00', '2007-10-31 00:00:00'),
(871, 60, 28, '2007-10-27 00:00:00', '2007-10-29 00:00:00'),
(872, 88, 37, '2007-10-27 00:00:00', '2007-11-15 00:00:00'),
(873, 35, 24, '2007-10-27 00:00:00', '2007-11-08 00:00:00'),
(874, 48, 16, '2007-10-28 00:00:00', '2007-11-09 00:00:00'),
(875, 35, 16, '2007-10-28 00:00:00', '2007-11-02 00:00:00'),
(876, 8, 26, '2007-10-28 00:00:00', '2007-11-05 00:00:00'),
(877, 45, 39, '2007-11-01 00:00:00', '2007-11-18 00:00:00'),
(878, 68, 21, '2007-11-02 00:00:00', '2007-11-14 00:00:00'),
(879, 20, 42, '2007-11-03 00:00:00', '2007-11-14 00:00:00'),
(880, 24, 33, '2007-11-04 00:00:00', '2007-11-16 00:00:00'),
(881, 90, 27, '2007-11-04 00:00:00', '2007-11-05 00:00:00'),
(882, 27, 6, '2007-11-05 00:00:00', '2007-11-14 00:00:00'),
(883, 2, 30, '2007-11-07 00:00:00', '2007-11-17 00:00:00'),
(884, 15, 13, '2007-11-08 00:00:00', '2007-11-11 00:00:00'),
(885, 81, 3, '2007-11-09 00:00:00', '2007-12-01 00:00:00'),
(886, 91, 18, '2007-11-10 00:00:00', '2007-11-28 00:00:00'),
(887, 9, 25, '2007-11-10 00:00:00', '2007-11-27 00:00:00'),
(888, 18, 38, '2007-11-11 00:00:00', '2007-11-14 00:00:00'),
(889, 66, 35, '2007-11-11 00:00:00', '2007-12-03 00:00:00'),
(890, 77, 7, '2007-11-12 00:00:00', '2007-11-30 00:00:00'),
(891, 34, 35, '2007-11-12 00:00:00', '2007-11-18 00:00:00'),
(892, 8, 36, '2007-11-12 00:00:00', '2007-12-04 00:00:00'),
(893, 82, 10, '2007-11-13 00:00:00', '2007-11-16 00:00:00'),
(894, 28, 12, '2007-11-13 00:00:00', '2007-11-30 00:00:00'),
(895, 86, 44, '2007-11-13 00:00:00', '2007-11-28 00:00:00'),
(896, 28, 13, '2007-11-14 00:00:00', '2007-11-24 00:00:00'),
(897, 73, 2, '2007-11-15 00:00:00', '2007-12-01 00:00:00'),
(898, 69, 4, '2007-11-16 00:00:00', '2007-11-26 00:00:00'),
(899, 54, 32, '2007-11-17 00:00:00', '2007-12-05 00:00:00'),
(900, 48, 36, '2007-11-17 00:00:00', '2007-11-21 00:00:00'),
(901, 62, 15, '2007-11-18 00:00:00', '2007-12-01 00:00:00'),
(902, 9, 1, '2007-11-18 00:00:00', '2007-11-25 00:00:00'),
(903, 44, 27, '2007-11-19 00:00:00', '2007-12-10 00:00:00'),
(904, 28, 34, '2007-11-19 00:00:00', '2007-11-21 00:00:00'),
(905, 13, 35, '2007-11-19 00:00:00', '2007-11-27 00:00:00'),
(906, 98, 40, '2007-11-19 00:00:00', '2007-12-03 00:00:00'),
(907, 91, 6, '2007-11-19 00:00:00', '2007-11-30 00:00:00'),
(908, 72, 36, '2007-11-20 00:00:00', '2007-11-27 00:00:00'),
(909, 61, 31, '2007-11-20 00:00:00', '2007-12-03 00:00:00'),
(910, 90, 8, '2007-11-20 00:00:00', '2007-11-25 00:00:00'),
(911, 65, 41, '2007-11-21 00:00:00', '2007-12-06 00:00:00'),
(912, 70, 13, '2007-11-21 00:00:00', '2007-12-06 00:00:00'),
(913, 34, 42, '2007-11-22 00:00:00', '2007-12-14 00:00:00'),
(914, 39, 19, '2007-11-22 00:00:00', '2007-11-23 00:00:00'),
(915, 52, 6, '2007-11-23 00:00:00', '2007-12-12 00:00:00'),
(916, 17, 9, '2007-11-23 00:00:00', '2007-12-13 00:00:00'),
(917, 77, 44, '2007-11-24 00:00:00', '2007-11-28 00:00:00'),
(918, 9, 9, '2007-11-25 00:00:00', '2007-12-07 00:00:00'),
(919, 36, 8, '2007-11-27 00:00:00', '2007-12-13 00:00:00'),
(920, 45, 33, '2007-11-28 00:00:00', '2007-12-14 00:00:00'),
(921, 16, 8, '2007-11-28 00:00:00', '2007-12-11 00:00:00'),
(922, 26, 35, '2008-01-01 00:00:00', '2008-01-13 00:00:00'),
(923, 68, 27, '2008-01-02 00:00:00', '2008-01-14 00:00:00'),
(924, 5, 5, '2008-01-02 00:00:00', '2008-01-16 00:00:00'),
(925, 45, 9, '2008-01-02 00:00:00', '2008-01-20 00:00:00'),
(926, 52, 38, '2008-01-04 00:00:00', '2008-01-08 00:00:00'),
(927, 39, 25, '2008-01-06 00:00:00', '2008-01-07 00:00:00'),
(928, 11, 39, '2008-01-06 00:00:00', '2008-01-19 00:00:00'),
(929, 7, 1, '2008-01-06 00:00:00', '2008-01-07 00:00:00'),
(930, 29, 21, '2008-01-06 00:00:00', '2008-01-25 00:00:00'),
(931, 59, 12, '2008-01-06 00:00:00', '2008-01-24 00:00:00'),
(932, 87, 37, '2008-01-07 00:00:00', '2008-01-08 00:00:00'),
(933, 39, 42, '2008-01-08 00:00:00', '2008-01-29 00:00:00'),
(934, 40, 18, '2008-01-09 00:00:00', '2008-01-20 00:00:00'),
(935, 64, 18, '2008-01-10 00:00:00', '2008-01-28 00:00:00'),
(936, 51, 28, '2008-01-10 00:00:00', '2008-01-13 00:00:00'),
(937, 17, 40, '2008-01-10 00:00:00', '2008-01-22 00:00:00'),
(938, 63, 44, '2008-01-10 00:00:00', '2008-01-23 00:00:00'),
(939, 21, 5, '2008-01-11 00:00:00', '2008-01-19 00:00:00'),
(940, 25, 22, '2008-01-11 00:00:00', '2008-01-14 00:00:00'),
(941, 70, 41, '2008-01-11 00:00:00', '2008-01-14 00:00:00'),
(942, 46, 7, '2008-01-12 00:00:00', '2008-01-30 00:00:00'),
(943, 15, 38, '2008-01-12 00:00:00', '2008-01-24 00:00:00'),
(944, 69, 21, '2008-01-13 00:00:00', '2008-01-17 00:00:00'),
(945, 10, 31, '2008-01-14 00:00:00', '2008-01-27 00:00:00'),
(946, 78, 14, '2008-01-14 00:00:00', '2008-01-18 00:00:00'),
(947, 3, 17, '2008-01-14 00:00:00', '2008-01-20 00:00:00'),
(948, 73, 36, '2008-01-15 00:00:00', '2008-02-05 00:00:00'),
(949, 21, 18, '2008-01-15 00:00:00', '2008-02-03 00:00:00'),
(950, 8, 38, '2008-01-16 00:00:00', '2008-01-31 00:00:00'),
(951, 51, 8, '2008-01-16 00:00:00', '2008-01-27 00:00:00'),
(952, 92, 30, '2008-01-18 00:00:00', '2008-01-28 00:00:00'),
(953, 57, 13, '2008-01-18 00:00:00', '2008-01-29 00:00:00'),
(954, 66, 41, '2008-01-18 00:00:00', '2008-02-02 00:00:00'),
(955, 59, 24, '2008-01-18 00:00:00', '2008-02-04 00:00:00'),
(956, 99, 29, '2008-01-18 00:00:00', '2008-01-27 00:00:00'),
(957, 48, 44, '2008-01-19 00:00:00', '2008-02-05 00:00:00'),
(958, 62, 13, '2008-01-19 00:00:00', '2008-01-29 00:00:00'),
(959, 71, 27, '2008-01-20 00:00:00', '2008-02-06 00:00:00'),
(960, 94, 39, '2008-01-20 00:00:00', '2008-01-25 00:00:00'),
(961, 79, 17, '2008-01-21 00:00:00', '2008-02-01 00:00:00'),
(962, 54, 35, '2008-01-22 00:00:00', '2008-02-03 00:00:00'),
(963, 11, 20, '2008-01-25 00:00:00', '2008-01-25 00:00:00'),
(964, 56, 21, '2008-01-25 00:00:00', '2008-01-26 00:00:00'),
(965, 51, 25, '2008-01-26 00:00:00', '2008-02-16 00:00:00'),
(966, 59, 23, '2008-01-27 00:00:00', '2008-02-14 00:00:00'),
(967, 87, 29, '2008-01-27 00:00:00', '2008-01-30 00:00:00'),
(968, 59, 28, '2008-01-27 00:00:00', '2008-01-30 00:00:00'),
(969, 34, 7, '2008-01-27 00:00:00', '2008-02-01 00:00:00'),
(970, 63, 7, '2008-01-27 00:00:00', '2008-01-29 00:00:00'),
(971, 84, 28, '2008-01-28 00:00:00', '2008-02-02 00:00:00'),
(972, 17, 21, '2008-02-01 00:00:00', '2008-02-21 00:00:00'),
(973, 39, 9, '2008-02-03 00:00:00', '2008-02-18 00:00:00'),
(974, 70, 24, '2008-02-05 00:00:00', '2008-02-21 00:00:00'),
(975, 36, 27, '2008-02-05 00:00:00', '2008-02-12 00:00:00'),
(976, 36, 39, '2008-02-06 00:00:00', '2008-02-07 00:00:00'),
(977, 74, 44, '2008-02-06 00:00:00', '2008-02-26 00:00:00'),
(978, 88, 32, '2008-02-06 00:00:00', '2008-02-22 00:00:00'),
(979, 51, 33, '2008-02-07 00:00:00', '2008-02-23 00:00:00'),
(980, 79, 19, '2008-02-07 00:00:00', '2008-02-26 00:00:00'),
(981, 86, 33, '2008-02-08 00:00:00', '2008-02-28 00:00:00'),
(982, 16, 39, '2008-02-09 00:00:00', '2008-02-26 00:00:00'),
(983, 29, 6, '2008-02-11 00:00:00', '2008-02-23 00:00:00'),
(984, 32, 43, '2008-02-13 00:00:00', '2008-03-04 00:00:00'),
(985, 95, 2, '2008-02-14 00:00:00', '2008-03-03 00:00:00'),
(986, 82, 33, '2008-02-14 00:00:00', '2008-02-21 00:00:00'),
(987, 97, 39, '2008-02-14 00:00:00', '2008-02-19 00:00:00'),
(988, 89, 7, '2008-02-15 00:00:00', '2008-02-17 00:00:00'),
(989, 40, 12, '2008-02-16 00:00:00', '2008-02-25 00:00:00'),
(990, 95, 32, '2008-02-17 00:00:00', '2008-02-28 00:00:00'),
(991, 99, 13, '2008-02-18 00:00:00', '2008-03-01 00:00:00'),
(992, 67, 38, '2008-02-19 00:00:00', '2008-02-28 00:00:00'),
(993, 82, 26, '2008-02-22 00:00:00', '2008-03-14 00:00:00'),
(994, 65, 34, '2008-02-23 00:00:00', '2008-03-14 00:00:00'),
(995, 66, 31, '2008-02-24 00:00:00', '2008-02-24 00:00:00'),
(996, 30, 11, '2008-02-26 00:00:00', '2008-03-08 00:00:00'),
(997, 7, 18, '2008-02-27 00:00:00', '2008-03-05 00:00:00'),
(998, 85, 22, '2008-02-28 00:00:00', '2008-03-19 00:00:00'),
(999, 83, 42, '2008-02-28 00:00:00', '2008-03-18 00:00:00'),
(1000, 84, 42, '2008-02-28 00:00:00', '2008-03-15 00:00:00'),
(1001, 20, 40, '2008-02-28 00:00:00', '2008-03-01 00:00:00'),
(1002, 26, 7, '2008-02-28 00:00:00', '2008-03-12 00:00:00'),
(1003, 23, 18, '2008-03-01 00:00:00', '2008-03-11 00:00:00'),
(1004, 26, 39, '2008-03-01 00:00:00', '2008-03-17 00:00:00'),
(1005, 60, 3, '2008-03-02 00:00:00', '2008-03-24 00:00:00'),
(1006, 37, 31, '2008-03-03 00:00:00', '2008-03-04 00:00:00'),
(1007, 97, 12, '2008-03-03 00:00:00', '2008-03-17 00:00:00'),
(1008, 6, 31, '2008-03-03 00:00:00', '2008-03-21 00:00:00'),
(1009, 87, 37, '2008-03-04 00:00:00', '2008-03-15 00:00:00'),
(1010, 80, 28, '2008-03-06 00:00:00', '2008-03-08 00:00:00'),
(1011, 93, 19, '2008-03-07 00:00:00', '2008-03-20 00:00:00'),
(1012, 47, 36, '2008-03-07 00:00:00', '2008-03-10 00:00:00'),
(1013, 88, 19, '2008-03-07 00:00:00', '2008-03-28 00:00:00'),
(1014, 87, 26, '2008-03-07 00:00:00', '2008-03-24 00:00:00'),
(1015, 28, 3, '2008-03-07 00:00:00', '2008-03-24 00:00:00'),
(1016, 92, 18, '2008-03-08 00:00:00', '2008-03-15 00:00:00'),
(1017, 91, 6, '2008-03-08 00:00:00', '2008-03-21 00:00:00'),
(1018, 61, 30, '2008-03-08 00:00:00', '2008-03-11 00:00:00'),
(1019, 78, 7, '2008-03-09 00:00:00', '2008-03-17 00:00:00'),
(1020, 3, 33, '2008-03-12 00:00:00', '2008-03-25 00:00:00'),
(1021, 5, 17, '2008-03-12 00:00:00', '2008-03-19 00:00:00'),
(1022, 90, 37, '2008-03-12 00:00:00', '2008-03-16 00:00:00'),
(1023, 85, 41, '2008-03-13 00:00:00', '2008-03-28 00:00:00'),
(1024, 93, 14, '2008-03-15 00:00:00', '2008-04-01 00:00:00'),
(1025, 78, 39, '2008-03-16 00:00:00', '2008-03-17 00:00:00'),
(1026, 68, 9, '2008-03-17 00:00:00', '2008-04-04 00:00:00'),
(1027, 81, 4, '2008-03-18 00:00:00', '2008-03-21 00:00:00'),
(1028, 41, 2, '2008-03-18 00:00:00', '2008-03-28 00:00:00'),
(1029, 98, 22, '2008-03-18 00:00:00', '2008-04-04 00:00:00'),
(1030, 11, 28, '2008-03-19 00:00:00', '2008-04-02 00:00:00'),
(1031, 18, 28, '2008-03-19 00:00:00', '2008-04-08 00:00:00'),
(1032, 2, 4, '2008-03-20 00:00:00', '2008-03-20 00:00:00'),
(1033, 50, 31, '2008-03-20 00:00:00', '2008-03-28 00:00:00'),
(1034, 33, 30, '2008-03-20 00:00:00', '2008-03-27 00:00:00'),
(1035, 5, 15, '2008-03-21 00:00:00', '2008-03-28 00:00:00'),
(1036, 95, 13, '2008-03-22 00:00:00', '2008-03-24 00:00:00'),
(1037, 21, 11, '2008-03-22 00:00:00', '2008-04-07 00:00:00'),
(1038, 41, 22, '2008-03-23 00:00:00', '2008-04-09 00:00:00'),
(1039, 8, 5, '2008-03-23 00:00:00', '2008-03-23 00:00:00'),
(1040, 92, 20, '2008-03-24 00:00:00', '2008-04-08 00:00:00'),
(1041, 46, 15, '2008-03-24 00:00:00', '2008-04-03 00:00:00'),
(1042, 57, 16, '2008-03-24 00:00:00', '2008-03-25 00:00:00'),
(1043, 20, 12, '2008-03-25 00:00:00', '2008-03-27 00:00:00'),
(1044, 14, 21, '2008-03-26 00:00:00', '2008-04-03 00:00:00'),
(1045, 24, 44, '2008-03-26 00:00:00', '2008-04-17 00:00:00'),
(1046, 16, 26, '2008-03-27 00:00:00', '2008-03-28 00:00:00'),
(1047, 76, 1, '2008-03-27 00:00:00', '2008-04-17 00:00:00'),
(1048, 21, 25, '2008-03-27 00:00:00', '2008-04-05 00:00:00'),
(1049, 41, 16, '2008-03-27 00:00:00', '2008-03-29 00:00:00'),
(1050, 80, 23, '2008-03-27 00:00:00', '2008-03-29 00:00:00'),
(1051, 50, 26, '2008-03-27 00:00:00', '2008-04-16 00:00:00'),
(1052, 83, 17, '2008-03-28 00:00:00', '2008-03-31 00:00:00'),
(1053, 18, 26, '2008-04-01 00:00:00', '2008-04-06 00:00:00'),
(1054, 23, 14, '2008-04-01 00:00:00', '2008-04-03 00:00:00'),
(1055, 9, 22, '2008-04-02 00:00:00', '2008-04-15 00:00:00'),
(1056, 92, 4, '2008-04-02 00:00:00', '2008-04-03 00:00:00'),
(1057, 22, 8, '2008-04-04 00:00:00', '2008-04-06 00:00:00'),
(1058, 48, 42, '2008-04-04 00:00:00', '2008-04-21 00:00:00'),
(1059, 96, 26, '2008-04-04 00:00:00', '2008-04-12 00:00:00'),
(1060, 19, 23, '2008-04-05 00:00:00', '2008-04-13 00:00:00'),
(1061, 20, 34, '2008-04-05 00:00:00', '2008-04-20 00:00:00'),
(1062, 47, 7, '2008-04-06 00:00:00', '2008-04-21 00:00:00'),
(1063, 85, 7, '2008-04-07 00:00:00', '2008-04-14 00:00:00'),
(1064, 18, 15, '2008-04-07 00:00:00', '2008-04-10 00:00:00'),
(1065, 20, 41, '2008-04-08 00:00:00', '2008-04-11 00:00:00'),
(1066, 49, 23, '2008-04-08 00:00:00', '2008-04-21 00:00:00'),
(1067, 94, 6, '2008-04-08 00:00:00', '2008-04-14 00:00:00'),
(1068, 8, 5, '2008-04-09 00:00:00', '2008-04-25 00:00:00'),
(1069, 29, 33, '2008-04-09 00:00:00', '2008-04-12 00:00:00'),
(1070, 10, 21, '2008-04-10 00:00:00', '2008-04-17 00:00:00'),
(1071, 4, 13, '2008-04-10 00:00:00', '2008-04-15 00:00:00'),
(1072, 20, 23, '2008-04-10 00:00:00', '2008-04-21 00:00:00'),
(1073, 23, 30, '2008-04-11 00:00:00', '2008-04-20 00:00:00'),
(1074, 66, 26, '2008-04-12 00:00:00', '2008-04-24 00:00:00'),
(1075, 97, 38, '2008-04-12 00:00:00', '2008-04-19 00:00:00'),
(1076, 52, 27, '2008-04-17 00:00:00', '2008-04-24 00:00:00'),
(1077, 33, 34, '2008-04-18 00:00:00', '2008-05-07 00:00:00'),
(1078, 27, 43, '2008-04-18 00:00:00', '2008-04-30 00:00:00'),
(1079, 65, 16, '2008-04-19 00:00:00', '2008-04-27 00:00:00'),
(1080, 23, 17, '2008-04-19 00:00:00', '2008-05-09 00:00:00'),
(1081, 16, 19, '2008-04-20 00:00:00', '2008-05-06 00:00:00'),
(1082, 63, 6, '2008-04-22 00:00:00', '2008-05-06 00:00:00'),
(1083, 63, 30, '2008-04-24 00:00:00', '2008-05-13 00:00:00'),
(1084, 99, 9, '2008-04-24 00:00:00', '2008-05-07 00:00:00'),
(1085, 26, 5, '2008-04-24 00:00:00', '2008-05-06 00:00:00'),
(1086, 86, 43, '2008-04-25 00:00:00', '2008-04-25 00:00:00'),
(1087, 49, 8, '2008-04-25 00:00:00', '2008-04-28 00:00:00'),
(1088, 88, 29, '2008-04-26 00:00:00', '2008-05-09 00:00:00'),
(1089, 79, 31, '2008-04-26 00:00:00', '2008-05-14 00:00:00'),
(1090, 20, 10, '2008-04-26 00:00:00', '2008-04-30 00:00:00'),
(1091, 66, 26, '2008-04-27 00:00:00', '2008-05-12 00:00:00'),
(1092, 2, 7, '2008-04-27 00:00:00', '2008-05-09 00:00:00'),
(1093, 53, 3, '2008-04-28 00:00:00', '2008-05-05 00:00:00'),
(1094, 68, 31, '2008-04-28 00:00:00', '2008-05-06 00:00:00'),
(1095, 96, 4, '2008-04-28 00:00:00', '2008-05-07 00:00:00'),
(1096, 18, 25, '2008-05-01 00:00:00', '2008-05-20 00:00:00'),
(1097, 95, 36, '2008-05-01 00:00:00', '2008-05-09 00:00:00'),
(1098, 15, 5, '2008-05-01 00:00:00', '2008-05-02 00:00:00'),
(1099, 40, 4, '2008-05-02 00:00:00', '2008-05-11 00:00:00'),
(1100, 56, 13, '2008-05-02 00:00:00', '2008-05-09 00:00:00'),
(1101, 47, 31, '2008-05-03 00:00:00', '2008-05-22 00:00:00'),
(1102, 35, 21, '2008-05-04 00:00:00', '2008-05-17 00:00:00'),
(1103, 31, 5, '2008-05-04 00:00:00', '2008-05-23 00:00:00'),
(1104, 40, 27, '2008-05-04 00:00:00', '2008-05-13 00:00:00'),
(1105, 21, 2, '2008-05-05 00:00:00', '2008-05-22 00:00:00'),
(1106, 73, 20, '2008-05-05 00:00:00', '2008-05-16 00:00:00'),
(1107, 54, 26, '2008-05-06 00:00:00', '2008-05-20 00:00:00'),
(1108, 48, 34, '2008-05-07 00:00:00', '2008-05-13 00:00:00'),
(1109, 4, 18, '2008-05-07 00:00:00', '2008-05-09 00:00:00'),
(1110, 41, 32, '2008-05-07 00:00:00', '2008-05-16 00:00:00'),
(1111, 88, 15, '2008-05-08 00:00:00', '2008-05-20 00:00:00'),
(1112, 82, 17, '2008-05-08 00:00:00', '2008-05-25 00:00:00'),
(1113, 55, 38, '2008-05-08 00:00:00', '2008-05-13 00:00:00'),
(1114, 87, 42, '2008-05-09 00:00:00', '2008-05-16 00:00:00'),
(1115, 13, 37, '2008-05-09 00:00:00', '2008-05-10 00:00:00'),
(1116, 89, 20, '2008-05-10 00:00:00', '2008-05-28 00:00:00'),
(1117, 87, 11, '2008-05-10 00:00:00', '2008-05-25 00:00:00'),
(1118, 10, 7, '2008-05-12 00:00:00', '2008-05-20 00:00:00'),
(1119, 54, 4, '2008-05-12 00:00:00', '2008-05-27 00:00:00'),
(1120, 73, 33, '2008-05-12 00:00:00', '2008-05-24 00:00:00'),
(1121, 10, 32, '2008-05-13 00:00:00', '2008-05-30 00:00:00'),
(1122, 71, 43, '2008-05-13 00:00:00', '2008-06-04 00:00:00'),
(1123, 27, 2, '2008-05-14 00:00:00', '2008-05-29 00:00:00'),
(1124, 44, 39, '2008-05-14 00:00:00', '2008-05-29 00:00:00'),
(1125, 21, 14, '2008-05-15 00:00:00', '2008-05-31 00:00:00'),
(1126, 98, 33, '2008-05-15 00:00:00', '2008-05-26 00:00:00'),
(1127, 94, 3, '2008-05-15 00:00:00', '2008-06-03 00:00:00'),
(1128, 25, 23, '2008-05-16 00:00:00', '2008-05-21 00:00:00'),
(1129, 6, 10, '2008-05-17 00:00:00', '2008-06-08 00:00:00'),
(1130, 40, 28, '2008-05-17 00:00:00', '2008-05-23 00:00:00'),
(1131, 79, 30, '2008-05-18 00:00:00', '2008-06-07 00:00:00'),
(1132, 4, 15, '2008-05-19 00:00:00', '2008-06-09 00:00:00'),
(1133, 55, 10, '2008-05-19 00:00:00', '2008-06-01 00:00:00'),
(1134, 73, 12, '2008-05-21 00:00:00', '2008-06-06 00:00:00'),
(1135, 84, 19, '2008-05-21 00:00:00', '2008-06-01 00:00:00'),
(1136, 67, 4, '2008-05-21 00:00:00', '2008-06-10 00:00:00'),
(1137, 52, 32, '2008-05-21 00:00:00', '2008-05-21 00:00:00'),
(1138, 63, 25, '2008-05-21 00:00:00', '2008-06-01 00:00:00'),
(1139, 35, 16, '2008-05-24 00:00:00', '2008-05-27 00:00:00'),
(1140, 55, 34, '2008-05-24 00:00:00', '2008-05-26 00:00:00'),
(1141, 17, 38, '2008-05-24 00:00:00', '2008-06-10 00:00:00'),
(1142, 42, 17, '2008-05-25 00:00:00', '2008-06-16 00:00:00'),
(1143, 86, 30, '2008-05-25 00:00:00', '2008-06-14 00:00:00'),
(1144, 50, 43, '2008-05-27 00:00:00', '2008-06-12 00:00:00'),
(1145, 79, 24, '2008-05-28 00:00:00', '2008-06-16 00:00:00'),
(1146, 76, 3, '2008-06-03 00:00:00', '2008-06-23 00:00:00'),
(1147, 6, 41, '2008-06-03 00:00:00', '2008-06-04 00:00:00'),
(1148, 3, 11, '2008-06-03 00:00:00', '2008-06-10 00:00:00'),
(1149, 90, 21, '2008-06-04 00:00:00', '2008-06-15 00:00:00'),
(1150, 34, 39, '2008-06-04 00:00:00', '2008-06-23 00:00:00'),
(1151, 39, 28, '2008-06-04 00:00:00', '2008-06-06 00:00:00'),
(1152, 38, 20, '2008-06-04 00:00:00', '2008-06-20 00:00:00'),
(1153, 79, 40, '2008-06-05 00:00:00', '2008-06-15 00:00:00'),
(1154, 50, 22, '2008-06-05 00:00:00', '2008-06-15 00:00:00'),
(1155, 32, 8, '2008-06-06 00:00:00', '2008-06-25 00:00:00'),
(1156, 94, 40, '2008-06-06 00:00:00', '2008-06-18 00:00:00'),
(1157, 8, 1, '2008-06-06 00:00:00', '2008-06-07 00:00:00'),
(1158, 87, 32, '2008-06-08 00:00:00', '2008-06-23 00:00:00'),
(1159, 7, 14, '2008-06-09 00:00:00', '2008-06-21 00:00:00'),
(1160, 6, 24, '2008-06-09 00:00:00', '2008-06-19 00:00:00'),
(1161, 61, 8, '2008-06-09 00:00:00', '2008-06-22 00:00:00'),
(1162, 36, 1, '2008-06-09 00:00:00', '2008-06-26 00:00:00'),
(1163, 28, 11, '2008-06-10 00:00:00', '2008-06-14 00:00:00'),
(1164, 90, 33, '2008-06-10 00:00:00', '2008-06-10 00:00:00'),
(1165, 70, 21, '2008-06-11 00:00:00', '2008-06-29 00:00:00'),
(1166, 38, 30, '2008-06-11 00:00:00', '2008-06-20 00:00:00'),
(1167, 84, 40, '2008-06-13 00:00:00', '2008-06-14 00:00:00'),
(1168, 75, 24, '2008-06-13 00:00:00', '2008-06-20 00:00:00'),
(1169, 3, 27, '2008-06-13 00:00:00', '2008-06-29 00:00:00'),
(1170, 84, 44, '2008-06-13 00:00:00', '2008-06-26 00:00:00'),
(1171, 54, 40, '2008-06-14 00:00:00', '2008-06-24 00:00:00'),
(1172, 37, 16, '2008-06-14 00:00:00', '2008-06-24 00:00:00'),
(1173, 27, 12, '2008-06-16 00:00:00', '2008-07-05 00:00:00'),
(1174, 10, 7, '2008-06-16 00:00:00', '2008-06-23 00:00:00'),
(1175, 58, 23, '2008-06-16 00:00:00', '2008-07-03 00:00:00'),
(1176, 18, 4, '2008-06-17 00:00:00', '2008-06-22 00:00:00'),
(1177, 65, 12, '2008-06-17 00:00:00', '2008-06-23 00:00:00'),
(1178, 6, 30, '2008-06-19 00:00:00', '2008-07-06 00:00:00'),
(1179, 88, 44, '2008-06-20 00:00:00', '2008-06-22 00:00:00'),
(1180, 36, 4, '2008-06-20 00:00:00', '2008-06-20 00:00:00'),
(1181, 95, 36, '2008-06-20 00:00:00', '2008-06-20 00:00:00'),
(1182, 34, 11, '2008-06-21 00:00:00', '2008-07-13 00:00:00'),
(1183, 90, 36, '2008-06-22 00:00:00', '2008-07-03 00:00:00'),
(1184, 18, 30, '2008-06-22 00:00:00', '2008-07-04 00:00:00'),
(1185, 70, 8, '2008-06-23 00:00:00', '2008-07-04 00:00:00'),
(1186, 67, 21, '2008-06-23 00:00:00', '2008-07-09 00:00:00'),
(1187, 81, 14, '2008-06-24 00:00:00', '2008-07-06 00:00:00'),
(1188, 33, 35, '2008-06-24 00:00:00', '2008-07-12 00:00:00'),
(1189, 12, 10, '2008-06-26 00:00:00', '2008-06-29 00:00:00'),
(1190, 5, 11, '2008-06-26 00:00:00', '2008-07-17 00:00:00'),
(1191, 82, 39, '2008-06-27 00:00:00', '2008-07-04 00:00:00'),
(1192, 10, 15, '2008-06-28 00:00:00', '2008-07-13 00:00:00'),
(1193, 80, 27, '2008-06-28 00:00:00', '2008-06-29 00:00:00'),
(1194, 90, 40, '2008-07-01 00:00:00', '2008-07-11 00:00:00'),
(1195, 87, 17, '2008-07-01 00:00:00', '2008-07-10 00:00:00'),
(1196, 57, 11, '2008-07-02 00:00:00', '2008-07-07 00:00:00'),
(1197, 50, 13, '2008-07-02 00:00:00', '2008-07-09 00:00:00'),
(1198, 36, 37, '2008-07-03 00:00:00', '2008-07-14 00:00:00'),
(1199, 55, 12, '2008-07-04 00:00:00', '2008-07-22 00:00:00'),
(1200, 47, 40, '2008-07-04 00:00:00', '2008-07-08 00:00:00'),
(1201, 14, 13, '2008-07-04 00:00:00', '2008-07-10 00:00:00'),
(1202, 96, 10, '2008-07-05 00:00:00', '2008-07-15 00:00:00'),
(1203, 28, 37, '2008-07-07 00:00:00', '2008-07-28 00:00:00'),
(1204, 66, 39, '2008-07-07 00:00:00', '2008-07-11 00:00:00'),
(1205, 92, 21, '2008-07-08 00:00:00', '2008-07-24 00:00:00'),
(1206, 78, 6, '2008-07-08 00:00:00', '2008-07-27 00:00:00'),
(1207, 54, 34, '2008-07-09 00:00:00', '2008-07-26 00:00:00'),
(1208, 8, 13, '2008-07-09 00:00:00', '2008-07-09 00:00:00'),
(1209, 64, 2, '2008-07-09 00:00:00', '2008-07-29 00:00:00'),
(1210, 87, 37, '2008-07-09 00:00:00', '2008-07-19 00:00:00'),
(1211, 71, 17, '2008-07-10 00:00:00', '2008-07-25 00:00:00'),
(1212, 15, 30, '2008-07-10 00:00:00', '2008-07-15 00:00:00'),
(1213, 72, 44, '2008-07-12 00:00:00', '2008-07-22 00:00:00'),
(1214, 75, 26, '2008-07-12 00:00:00', '2008-07-27 00:00:00'),
(1215, 94, 19, '2008-07-12 00:00:00', '2008-07-29 00:00:00'),
(1216, 65, 22, '2008-07-12 00:00:00', '2008-07-20 00:00:00'),
(1217, 31, 34, '2008-07-13 00:00:00', '2008-07-15 00:00:00'),
(1218, 4, 18, '2008-07-13 00:00:00', '2008-08-04 00:00:00'),
(1219, 31, 36, '2008-07-15 00:00:00', '2008-08-05 00:00:00'),
(1220, 4, 23, '2008-07-15 00:00:00', '2008-08-06 00:00:00'),
(1221, 30, 13, '2008-07-16 00:00:00', '2008-07-22 00:00:00'),
(1222, 42, 9, '2008-07-17 00:00:00', '2008-08-04 00:00:00'),
(1223, 29, 5, '2008-07-17 00:00:00', '2008-08-03 00:00:00'),
(1224, 99, 1, '2008-07-19 00:00:00', '2008-08-05 00:00:00'),
(1225, 8, 34, '2008-07-21 00:00:00', '2008-07-29 00:00:00'),
(1226, 46, 6, '2008-07-23 00:00:00', '2008-07-23 00:00:00'),
(1227, 68, 9, '2008-07-23 00:00:00', '2008-07-28 00:00:00'),
(1228, 33, 41, '2008-07-23 00:00:00', '2008-07-24 00:00:00'),
(1229, 15, 25, '2008-07-25 00:00:00', '2008-08-03 00:00:00'),
(1230, 2, 17, '2008-07-26 00:00:00', '2008-07-31 00:00:00'),
(1231, 61, 37, '2008-07-27 00:00:00', '2008-08-14 00:00:00'),
(1232, 73, 24, '2008-07-27 00:00:00', '2008-08-07 00:00:00'),
(1233, 50, 39, '2008-07-28 00:00:00', '2008-08-05 00:00:00'),
(1234, 8, 1, '2008-07-28 00:00:00', '2008-07-28 00:00:00'),
(1235, 36, 28, '2008-07-28 00:00:00', '2008-08-17 00:00:00'),
(1236, 70, 43, '2008-08-01 00:00:00', '2008-08-09 00:00:00'),
(1237, 77, 43, '2008-08-01 00:00:00', '2008-08-16 00:00:00'),
(1238, 49, 25, '2008-08-01 00:00:00', '2008-08-09 00:00:00'),
(1239, 53, 19, '2008-08-02 00:00:00', '2008-08-17 00:00:00'),
(1240, 19, 41, '2008-08-02 00:00:00', '2008-08-17 00:00:00'),
(1241, 32, 36, '2008-08-04 00:00:00', '2008-08-09 00:00:00'),
(1242, 52, 21, '2008-08-05 00:00:00', '2008-08-18 00:00:00'),
(1243, 49, 7, '2008-08-06 00:00:00', '2008-08-27 00:00:00'),
(1244, 20, 35, '2008-08-07 00:00:00', '2008-08-24 00:00:00'),
(1245, 67, 4, '2008-08-08 00:00:00', '2008-08-23 00:00:00'),
(1246, 13, 25, '2008-08-09 00:00:00', '2008-08-09 00:00:00'),
(1247, 95, 40, '2008-08-11 00:00:00', '2008-08-11 00:00:00'),
(1248, 63, 3, '2008-08-13 00:00:00', '2008-08-28 00:00:00'),
(1249, 21, 8, '2008-08-14 00:00:00', '2008-08-25 00:00:00'),
(1250, 15, 16, '2008-08-14 00:00:00', '2008-08-23 00:00:00'),
(1251, 5, 41, '2008-08-16 00:00:00', '2008-08-20 00:00:00'),
(1252, 49, 22, '2008-08-16 00:00:00', '2008-08-21 00:00:00'),
(1253, 23, 36, '2008-08-16 00:00:00', '2008-09-06 00:00:00'),
(1254, 98, 42, '2008-08-16 00:00:00', '2008-09-07 00:00:00'),
(1255, 87, 24, '2008-08-16 00:00:00', '2008-08-24 00:00:00'),
(1256, 86, 23, '2008-08-17 00:00:00', '2008-08-25 00:00:00'),
(1257, 98, 22, '2008-08-17 00:00:00', '2008-08-29 00:00:00'),
(1258, 82, 15, '2008-08-18 00:00:00', '2008-09-07 00:00:00'),
(1259, 28, 23, '2008-08-18 00:00:00', '2008-09-03 00:00:00'),
(1260, 12, 33, '2008-08-18 00:00:00', '2008-09-02 00:00:00'),
(1261, 61, 14, '2008-08-20 00:00:00', '2008-09-02 00:00:00'),
(1262, 14, 29, '2008-08-20 00:00:00', '2008-08-24 00:00:00'),
(1263, 55, 35, '2008-08-20 00:00:00', '2008-08-30 00:00:00'),
(1264, 57, 18, '2008-08-21 00:00:00', '2008-09-01 00:00:00'),
(1265, 71, 29, '2008-08-24 00:00:00', '2008-09-04 00:00:00'),
(1266, 25, 37, '2008-08-25 00:00:00', '2008-09-03 00:00:00'),
(1267, 79, 41, '2008-08-26 00:00:00', '2008-09-14 00:00:00'),
(1268, 21, 18, '2008-08-27 00:00:00', '2008-08-28 00:00:00'),
(1269, 89, 15, '2008-09-02 00:00:00', '2008-09-04 00:00:00'),
(1270, 10, 26, '2008-09-02 00:00:00', '2008-09-16 00:00:00'),
(1271, 34, 10, '2008-09-03 00:00:00', '2008-09-07 00:00:00'),
(1272, 25, 13, '2008-09-04 00:00:00', '2008-09-23 00:00:00'),
(1273, 83, 3, '2008-09-05 00:00:00', '2008-09-22 00:00:00'),
(1274, 17, 42, '2008-09-05 00:00:00', '2008-09-23 00:00:00'),
(1275, 11, 21, '2008-09-05 00:00:00', '2008-09-06 00:00:00'),
(1276, 24, 44, '2008-09-07 00:00:00', '2008-09-12 00:00:00'),
(1277, 23, 20, '2008-09-08 00:00:00', '2008-09-19 00:00:00'),
(1278, 90, 36, '2008-09-09 00:00:00', '2008-09-30 00:00:00'),
(1279, 49, 25, '2008-09-09 00:00:00', '2008-09-26 00:00:00'),
(1280, 50, 42, '2008-09-10 00:00:00', '2008-09-17 00:00:00'),
(1281, 11, 35, '2008-09-12 00:00:00', '2008-09-24 00:00:00'),
(1282, 49, 21, '2008-09-13 00:00:00', '2008-09-30 00:00:00'),
(1283, 61, 2, '2008-09-14 00:00:00', '2008-10-02 00:00:00'),
(1284, 40, 41, '2008-09-16 00:00:00', '2008-09-28 00:00:00'),
(1285, 14, 3, '2008-09-16 00:00:00', '2008-09-27 00:00:00'),
(1286, 6, 44, '2008-09-16 00:00:00', '2008-09-24 00:00:00'),
(1287, 95, 44, '2008-09-16 00:00:00', '2008-10-03 00:00:00'),
(1288, 54, 12, '2008-09-17 00:00:00', '2008-09-23 00:00:00'),
(1289, 8, 43, '2008-09-17 00:00:00', '2008-09-22 00:00:00'),
(1290, 40, 10, '2008-09-17 00:00:00', '2008-09-22 00:00:00'),
(1291, 29, 3, '2008-09-17 00:00:00', '2008-09-27 00:00:00'),
(1292, 44, 41, '2008-09-17 00:00:00', '2008-10-04 00:00:00'),
(1293, 82, 28, '2008-09-18 00:00:00', '2008-09-26 00:00:00'),
(1294, 35, 32, '2008-09-20 00:00:00', '2008-10-03 00:00:00'),
(1295, 46, 44, '2008-09-20 00:00:00', '2008-10-05 00:00:00'),
(1296, 67, 20, '2008-09-21 00:00:00', '2008-10-06 00:00:00'),
(1297, 58, 16, '2008-09-21 00:00:00', '2008-10-02 00:00:00'),
(1298, 19, 20, '2008-09-22 00:00:00', '2008-09-27 00:00:00'),
(1299, 72, 19, '2008-09-23 00:00:00', '2008-09-30 00:00:00'),
(1300, 63, 9, '2008-09-24 00:00:00', '2008-10-11 00:00:00'),
(1301, 81, 22, '2008-09-24 00:00:00', '2008-09-28 00:00:00'),
(1302, 49, 33, '2008-09-25 00:00:00', '2008-09-28 00:00:00'),
(1303, 14, 4, '2008-09-25 00:00:00', '2008-10-12 00:00:00'),
(1304, 48, 18, '2008-09-25 00:00:00', '2008-10-04 00:00:00'),
(1305, 29, 5, '2008-09-27 00:00:00', '2008-10-19 00:00:00'),
(1306, 70, 28, '2008-09-28 00:00:00', '2008-10-04 00:00:00'),
(1307, 90, 12, '2008-10-01 00:00:00', '2008-10-05 00:00:00'),
(1308, 29, 24, '2008-10-02 00:00:00', '2008-10-18 00:00:00'),
(1309, 20, 16, '2008-10-02 00:00:00', '2008-10-06 00:00:00'),
(1310, 7, 33, '2008-10-03 00:00:00', '2008-10-25 00:00:00'),
(1311, 72, 40, '2008-10-03 00:00:00', '2008-10-12 00:00:00'),
(1312, 28, 39, '2008-10-03 00:00:00', '2008-10-21 00:00:00'),
(1313, 16, 14, '2008-10-03 00:00:00', '2008-10-18 00:00:00'),
(1314, 95, 42, '2008-10-04 00:00:00', '2008-10-09 00:00:00'),
(1315, 68, 13, '2008-10-07 00:00:00', '2008-10-28 00:00:00'),
(1316, 4, 24, '2008-10-07 00:00:00', '2008-10-09 00:00:00'),
(1317, 73, 6, '2008-10-08 00:00:00', '2008-10-11 00:00:00'),
(1318, 86, 37, '2008-10-08 00:00:00', '2008-10-29 00:00:00'),
(1319, 51, 12, '2008-10-09 00:00:00', '2008-10-11 00:00:00'),
(1320, 30, 37, '2008-10-10 00:00:00', '2008-10-20 00:00:00'),
(1321, 25, 44, '2008-10-10 00:00:00', '2008-10-22 00:00:00'),
(1322, 16, 10, '2008-10-10 00:00:00', '2008-10-26 00:00:00'),
(1323, 26, 3, '2008-10-10 00:00:00', '2008-10-28 00:00:00'),
(1324, 97, 17, '2008-10-11 00:00:00', '2008-10-29 00:00:00'),
(1325, 50, 21, '2008-10-14 00:00:00', '2008-11-01 00:00:00'),
(1326, 21, 28, '2008-10-14 00:00:00', '2008-10-26 00:00:00'),
(1327, 86, 19, '2008-10-14 00:00:00', '2008-10-21 00:00:00'),
(1328, 7, 16, '2008-10-15 00:00:00', '2008-10-16 00:00:00'),
(1329, 60, 35, '2008-10-15 00:00:00', '2008-11-02 00:00:00'),
(1330, 80, 23, '2008-10-16 00:00:00', '2008-11-03 00:00:00'),
(1331, 51, 14, '2008-10-16 00:00:00', '2008-10-16 00:00:00'),
(1332, 99, 36, '2008-10-18 00:00:00', '2008-11-01 00:00:00'),
(1333, 43, 5, '2008-10-18 00:00:00', '2008-11-07 00:00:00'),
(1334, 91, 17, '2008-10-18 00:00:00', '2008-11-08 00:00:00'),
(1335, 43, 4, '2008-10-19 00:00:00', '2008-10-31 00:00:00'),
(1336, 92, 1, '2008-10-19 00:00:00', '2008-10-25 00:00:00'),
(1337, 84, 15, '2008-10-20 00:00:00', '2008-11-03 00:00:00'),
(1338, 60, 13, '2008-10-20 00:00:00', '2008-11-05 00:00:00'),
(1339, 95, 30, '2008-10-20 00:00:00', '2008-11-01 00:00:00'),
(1340, 42, 18, '2008-10-22 00:00:00', '2008-11-11 00:00:00'),
(1341, 30, 4, '2008-10-23 00:00:00', '2008-11-10 00:00:00'),
(1342, 85, 19, '2008-10-25 00:00:00', '2008-11-15 00:00:00'),
(1343, 46, 23, '2008-10-25 00:00:00', '2008-11-14 00:00:00'),
(1344, 59, 43, '2008-10-26 00:00:00', '2008-11-15 00:00:00'),
(1345, 92, 2, '2008-10-27 00:00:00', '2008-11-14 00:00:00'),
(1346, 58, 1, '2008-10-27 00:00:00', '2008-11-16 00:00:00'),
(1347, 29, 41, '2008-10-27 00:00:00', '2008-10-31 00:00:00'),
(1348, 22, 33, '2008-10-28 00:00:00', '2008-11-08 00:00:00'),
(1349, 2, 7, '2008-10-28 00:00:00', '2008-11-11 00:00:00'),
(1350, 93, 28, '2008-11-01 00:00:00', '2008-11-21 00:00:00'),
(1351, 78, 14, '2008-11-01 00:00:00', '2008-11-16 00:00:00'),
(1352, 8, 40, '2008-11-02 00:00:00', '2008-11-10 00:00:00'),
(1353, 13, 21, '2008-11-02 00:00:00', '2008-11-18 00:00:00'),
(1354, 15, 39, '2008-11-03 00:00:00', '2008-11-24 00:00:00'),
(1355, 77, 37, '2008-11-03 00:00:00', '2008-11-12 00:00:00'),
(1356, 92, 7, '2008-11-03 00:00:00', '2008-11-12 00:00:00'),
(1357, 28, 40, '2008-11-04 00:00:00', '2008-11-25 00:00:00'),
(1358, 85, 15, '2008-11-04 00:00:00', '2008-11-09 00:00:00'),
(1359, 74, 24, '2008-11-05 00:00:00', '2008-11-17 00:00:00'),
(1360, 75, 29, '2008-11-05 00:00:00', '2008-11-11 00:00:00'),
(1361, 34, 29, '2008-11-05 00:00:00', '2008-11-09 00:00:00'),
(1362, 17, 38, '2008-11-05 00:00:00', '2008-11-05 00:00:00'),
(1363, 89, 13, '2008-11-05 00:00:00', '2008-11-11 00:00:00'),
(1364, 55, 41, '2008-11-06 00:00:00', '2008-11-12 00:00:00'),
(1365, 99, 37, '2008-11-06 00:00:00', '2008-11-14 00:00:00'),
(1366, 3, 15, '2008-11-07 00:00:00', '2008-11-08 00:00:00'),
(1367, 30, 42, '2008-11-09 00:00:00', '2008-11-09 00:00:00'),
(1368, 42, 40, '2008-11-09 00:00:00', '2008-11-26 00:00:00'),
(1369, 7, 20, '2008-11-10 00:00:00', '2008-11-18 00:00:00'),
(1370, 91, 28, '2008-11-11 00:00:00', '2008-11-19 00:00:00'),
(1371, 56, 25, '2008-11-12 00:00:00', '2008-12-01 00:00:00'),
(1372, 8, 12, '2008-11-14 00:00:00', '2008-11-16 00:00:00'),
(1373, 4, 32, '2008-11-16 00:00:00', '2008-12-06 00:00:00'),
(1374, 80, 12, '2008-11-17 00:00:00', '2008-12-03 00:00:00'),
(1375, 47, 30, '2008-11-18 00:00:00', '2008-11-24 00:00:00'),
(1376, 96, 4, '2008-11-18 00:00:00', '2008-11-30 00:00:00'),
(1377, 7, 34, '2008-11-18 00:00:00', '2008-12-10 00:00:00'),
(1378, 87, 25, '2008-11-18 00:00:00', '2008-11-20 00:00:00'),
(1379, 77, 3, '2008-11-18 00:00:00', '2008-11-19 00:00:00'),
(1380, 5, 40, '2008-11-18 00:00:00', '2008-11-30 00:00:00'),
(1381, 96, 23, '2008-11-20 00:00:00', '2008-11-23 00:00:00'),
(1382, 55, 31, '2008-11-20 00:00:00', '2008-11-30 00:00:00'),
(1383, 8, 17, '2008-11-21 00:00:00', '2008-11-29 00:00:00'),
(1384, 31, 33, '2008-11-21 00:00:00', '2008-12-05 00:00:00'),
(1385, 98, 43, '2008-11-21 00:00:00', '2008-11-21 00:00:00'),
(1386, 92, 7, '2008-11-22 00:00:00', '2008-12-03 00:00:00'),
(1387, 99, 7, '2008-11-22 00:00:00', '2008-11-29 00:00:00'),
(1388, 91, 1, '2008-11-22 00:00:00', '2008-12-09 00:00:00'),
(1389, 94, 14, '2008-11-24 00:00:00', '2008-11-27 00:00:00'),
(1390, 17, 24, '2008-11-25 00:00:00', '2008-12-01 00:00:00'),
(1391, 5, 17, '2008-11-25 00:00:00', '2008-11-25 00:00:00'),
(1392, 26, 33, '2008-11-26 00:00:00', '2008-12-10 00:00:00'),
(1393, 64, 29, '2008-11-26 00:00:00', '2008-11-27 00:00:00'),
(1394, 46, 12, '2008-11-27 00:00:00', '2008-12-19 00:00:00'),
(1395, 3, 1, '2008-11-27 00:00:00', '2008-12-04 00:00:00'),
(1396, 90, 6, '2008-11-27 00:00:00', '2008-11-30 00:00:00'),
(1397, 23, 12, '2008-11-27 00:00:00', '2008-12-07 00:00:00'),
(1398, 23, 9, '2008-11-28 00:00:00', '2008-12-03 00:00:00'),
(1399, 37, 44, '2008-11-28 00:00:00', '2008-11-28 00:00:00'),
(1400, 6, 31, '2008-11-28 00:00:00', '2008-12-08 00:00:00');

-- --------------------------------------------------------

--
-- Tablo için tablo yapısı `kitap`
--

CREATE TABLE `kitap` (
  `kitapno` tinyint(4) NOT NULL,
  `isbnno` varchar(20) DEFAULT NULL,
  `kitapadi` varchar(28) DEFAULT NULL,
  `yazarno` tinyint(4) DEFAULT NULL,
  `turno` tinyint(4) DEFAULT NULL,
  `sayfasayisi` smallint(6) DEFAULT NULL,
  `puan` tinyint(4) DEFAULT NULL
) ENGINE=InnoDB DEFAULT CHARSET=utf8mb4;

--
-- Tablo döküm verisi `kitap`
--

INSERT INTO `kitap` (`kitapno`, `isbnno`, `kitapadi`, `yazarno`, `turno`, `sayfasayisi`, `puan`) VALUES
(1, '253-335-3934-16-4   ', 'Abdülhamidin Kurtlarla Dansı', 26, 3, 368, 22),
(2, '295-115-3846-25-2   ', 'Ablamı Nereye Kaçırdılar', 6, 1, 220, 27),
(3, '127-255-2542-27-4   ', 'Anayurttan Anadoluya', 18, 6, 311, 19),
(4, '292-246-1768-30-4   ', 'Anneannem Gelin Oldu', 22, 4, 135, 15),
(5, '133-135-1902-34-4   ', 'Antik Acılar', 10, 3, 179, 28),
(6, '227-381-2011-10-2   ', 'Aşk Ve Öbür Cinler', 25, 1, 242, 18),
(7, '295-374-1891-21-2   ', 'Aşksız İnsanlar', 22, 3, 346, 18),
(8, '212-395-2870-16-8   ', 'Atuan Mezarları', 28, 6, 389, 16),
(9, '266-179-1159-15-2   ', 'Bahar İsyancıdır', 6, 4, 259, 25),
(10, '141-285-1954-21-5   ', 'Benim Üniversitelerim', 27, 2, 391, 15),
(11, '393-320-3629-26-4   ', 'Bir Gemide', 19, 6, 89, 16),
(12, '195-164-1129-21-1   ', 'Bir Ses Böler Geceyi', 6, 4, 265, 14),
(13, '205-235-3170-13-6   ', 'Boğaziçi Şıngır Mıngır', 20, 6, 160, 14),
(14, '128-392-2346-31-8   ', 'Borçlu Olduklarımız', 27, 5, 383, 14),
(15, '233-100-3467-22-3   ', 'Büyücüler', 5, 6, 188, 16),
(16, '322-328-2571-13-7   ', 'Danışmanlık İncileri', 28, 5, 393, 20),
(17, '260-357-1043-15-5   ', 'Dol Karabekir Dol', 6, 3, 338, 11),
(18, '362-284-2000-13-6   ', 'Düşler Düşü', 5, 6, 109, 21),
(19, '226-379-1465-26-3   ', 'Haset Ve Şükran', 12, 3, 151, 19),
(20, '307-393-1346-24-1   ', 'İnsanlarımız 3', 27, 3, 134, 11),
(21, '165-174-2247-28-1   ', 'Kadınlar Okulu', 15, 1, 391, 24),
(22, '103-286-1279-21-2   ', 'Kapitalist Toplum', 23, 3, 161, 10),
(23, '209-392-2760-28-7   ', 'Lal Masallar', 11, 5, 313, 26),
(24, '381-215-2765-22-6   ', 'Makas', 15, 1, 320, 26),
(25, '148-336-3787-29-4   ', 'Minima Morelia', 9, 4, 183, 22),
(26, '218-194-3502-20-1   ', 'Raikin Annesi', 23, 6, 93, 13),
(27, '251-275-2168-11-8   ', 'Rana', 8, 4, 135, 21),
(28, '140-274-3728-27-3   ', 'Rengahenk', 12, 6, 149, 19),
(29, '135-309-2577-18-8   ', 'Sarıkamıştan Esarete', 16, 5, 178, 18),
(30, '398-276-1811-34-5   ', 'Savaş Sanatı', 20, 2, 256, 13),
(31, '236-132-3581-29-1   ', 'Sessiz Arka Bahçeler', 8, 5, 248, 24),
(32, '307-340-3979-23-4   ', 'Sıradışı Filozoflar', 26, 2, 314, 16),
(33, '301-164-2841-35-3   ', 'Telgrafhane', 19, 6, 293, 21),
(34, '195-195-1004-17-3   ', 'Toprak', 23, 2, 230, 12),
(35, '281-239-3080-17-5   ', 'Üsküdarda Sabah Oldu', 13, 5, 101, 20),
(36, '226-265-1500-21-5   ', 'Yedi İklim Dört Bucak', 25, 2, 282, 16),
(37, '266-280-3443-17-7   ', 'Zararlı Alışkanlıklar', 10, 5, 203, 14),
(38, '322-236-2524-16-2   ', 'Zengin Kadın', 28, 5, 304, 15),
(39, '294-226-2889-15-1   ', 'Abluka', 7, 1, 220, 12),
(40, '224-383-3420-14-8   ', 'Açlık', 20, 3, 294, 27),
(41, '189-209-3005-20-5   ', 'Adı Aylin', 6, 2, 97, 22),
(42, '399-158-2002-16-5   ', 'Aklın İsyanı', 24, 4, 297, 14),
(43, '312-215-2630-27-2   ', 'Araba Sevdası', 11, 2, 168, 18),
(44, '220-275-2636-35-7   ', 'Araf', 16, 1, 235, 16),
(45, '280-188-3589-22-8   ', 'Başarı Rehberi', 1, 4, 116, 14);

-- --------------------------------------------------------

--
-- Tablo için tablo yapısı `ogrenci`
--

CREATE TABLE `ogrenci` (
  `ogrno` smallint(6) NOT NULL,
  `ograd` varchar(10) DEFAULT NULL,
  `ogrsoyad` varchar(20) DEFAULT NULL,
  `cinsiyet` varchar(1) DEFAULT NULL,
  `dtarih` varchar(19) DEFAULT NULL,
  `sinif` varchar(4) DEFAULT NULL,
  `puan` tinyint(4) DEFAULT NULL
) ENGINE=InnoDB DEFAULT CHARSET=utf8mb4;

--
-- Tablo döküm verisi `ogrenci`
--

INSERT INTO `ogrenci` (`ogrno`, `ograd`, `ogrsoyad`, `cinsiyet`, `dtarih`, `sinif`, `puan`) VALUES
(1, 'Hülya     ', 'Yiğit               ', 'K', '1990-04-08 00:00:00', '10A ', 0),
(2, 'Niyazi    ', 'Sevinç              ', 'E', '1990-11-11 00:00:00', '9B  ', 0),
(3, 'İsmail    ', 'Sevinç              ', 'E', '1990-04-17 00:00:00', '10B ', 0),
(4, 'Kenan     ', 'Emin                ', 'E', '1988-02-23 00:00:00', '9A  ', 0),
(5, 'Sema      ', 'Bakır               ', 'K', '1990-04-07 00:00:00', '9B  ', 0),
(6, 'Deniz     ', 'Kara                ', 'E', '1989-07-21 00:00:00', '9C  ', 0),
(7, 'Betül     ', 'Coşkun              ', 'K', '1990-01-10 00:00:00', '11A ', 0),
(8, 'Sema      ', 'Rüzgar              ', 'K', '1989-11-14 00:00:00', '9C  ', 0),
(9, 'Fadime    ', 'Dönmez              ', 'K', '1989-09-11 00:00:00', '9A  ', 0),
(10, 'Rıza      ', 'Koç                 ', 'E', '1990-01-26 00:00:00', '10B ', 0),
(11, 'Ceylan    ', 'Kabak               ', 'K', '1988-02-02 00:00:00', '10B ', 0),
(12, 'Deniz     ', 'Akçakaya            ', 'E', '1989-01-24 00:00:00', '11A ', 0),
(13, 'Kemal     ', 'Karapınar           ', 'E', '1990-10-23 00:00:00', '11A ', 0),
(14, 'Derya     ', 'Yılbur              ', 'K', '1990-08-12 00:00:00', '10C ', 0),
(15, 'Filiz     ', 'Akat                ', 'K', '1989-09-09 00:00:00', '10A ', 0),
(16, 'Niyazi    ', 'Dönmez              ', 'E', '1988-05-08 00:00:00', '11A ', 0),
(17, 'Sema      ', 'Sekmen              ', 'K', '1990-08-16 00:00:00', '10B ', 0),
(18, 'İsmail    ', 'Balcı               ', 'E', '1990-09-09 00:00:00', '9C  ', 0),
(19, 'Ahmet     ', 'Yıldız              ', 'E', '1989-04-25 00:00:00', '11A ', 0),
(20, 'Hasan     ', 'Alp                 ', 'E', '1990-10-20 00:00:00', '9A  ', 0),
(21, 'Derya     ', 'Şahin               ', 'K', '1989-01-25 00:00:00', '9C  ', 0),
(22, 'Süleyman  ', 'Rüzgar              ', 'E', '1989-11-20 00:00:00', '10C ', 0),
(23, 'Fatma     ', 'Akçakaya            ', 'K', '1989-11-23 00:00:00', '11A ', 0),
(24, 'Fidan     ', 'Taşdemir            ', 'K', '1990-01-04 00:00:00', '9B  ', 0),
(25, 'Cemil     ', 'Yazar               ', 'E', '1988-07-13 00:00:00', '9B  ', 0),
(26, 'Hülya     ', 'Yiğit               ', 'K', '1990-01-03 00:00:00', '11A ', 0),
(27, 'Mustafa   ', 'Can                 ', 'E', '1988-03-10 00:00:00', '10C ', 0),
(28, 'İsmail    ', 'Kara                ', 'E', '1989-08-12 00:00:00', '9A  ', 0),
(29, 'Ali       ', 'Çamak               ', 'E', '1988-04-22 00:00:00', '9B  ', 0),
(30, 'Mümtaz    ', 'Topal               ', 'E', '1988-05-22 00:00:00', '9B  ', 0),
(31, 'Filiz     ', 'Ezer                ', 'K', '1989-03-26 00:00:00', '9C  ', 0),
(32, 'İsmail    ', 'Yiğit               ', 'E', '1990-10-10 00:00:00', '9C  ', 0),
(33, 'Ayşe      ', 'Çamak               ', 'K', '1989-07-22 00:00:00', '9B  ', 0),
(34, 'Sabri     ', 'Can                 ', 'E', '1989-02-26 00:00:00', '9B  ', 0),
(35, 'Derya     ', 'Küçük               ', 'K', '1989-05-28 00:00:00', '10A ', 0),
(36, 'Rıza      ', 'Yıldız              ', 'E', '1989-10-11 00:00:00', '10C ', 0),
(37, 'Şenol     ', 'Dağ                 ', 'E', '1989-04-14 00:00:00', '10B ', 0),
(38, 'Hülya     ', 'Balcı               ', 'K', '1990-05-19 00:00:00', '10C ', 0),
(39, 'Hakkı     ', 'Akçakaya            ', 'E', '1988-01-10 00:00:00', '11A ', 0),
(40, 'Süleyman  ', 'Kılıç               ', 'E', '1988-02-09 00:00:00', '11A ', 0),
(41, 'Leyla     ', 'Dağ                 ', 'K', '1988-10-12 00:00:00', '9B  ', 0),
(42, 'Hakkı     ', 'Aktaş               ', 'E', '1990-11-24 00:00:00', '10A ', 0),
(43, 'İlyas     ', 'Çamak               ', 'E', '1988-11-06 00:00:00', '10A ', 0),
(44, 'Rıza      ', 'Karapınar           ', 'E', '1989-07-23 00:00:00', '10C ', 0),
(45, 'Deniz     ', 'Güven               ', 'E', '1990-10-09 00:00:00', '10C ', 0),
(46, 'Eşref     ', 'Demir               ', 'E', '1990-07-11 00:00:00', '9C  ', 0),
(47, 'Kenan     ', 'Can                 ', 'E', '1990-07-16 00:00:00', '10B ', 0),
(48, 'Niyazi    ', 'Karakaya            ', 'E', '1989-01-14 00:00:00', '9B  ', 0),
(49, 'Kemal     ', 'Emin                ', 'E', '1990-10-13 00:00:00', '11A ', 0),
(50, 'Fadime    ', 'Karakaş             ', 'K', '1990-05-05 00:00:00', '9B  ', 0),
(51, 'Şenol     ', 'Coşkun              ', 'E', '1988-09-14 00:00:00', '9C  ', 0),
(52, 'İlyas     ', 'Yılbur              ', 'E', '1988-05-12 00:00:00', '11A ', 0),
(53, 'Sabri     ', 'Karakaya            ', 'E', '1988-03-05 00:00:00', '11A ', 0),
(54, 'Filiz     ', 'Kabak               ', 'K', '1989-03-21 00:00:00', '9A  ', 0),
(55, 'Rıza      ', 'Anıl                ', 'E', '1988-01-15 00:00:00', '11A ', 0),
(56, 'Zeynep    ', 'Sarıkaya            ', 'K', '1989-05-08 00:00:00', '9A  ', 0),
(57, 'Fidan     ', 'Kılıç               ', 'K', '1989-04-04 00:00:00', '9A  ', 0),
(58, 'Rıza      ', 'Karakaş             ', 'E', '1988-04-06 00:00:00', '9A  ', 0),
(59, 'Cemil     ', 'Kara                ', 'E', '1989-10-15 00:00:00', '9A  ', 0),
(60, 'Fatma     ', 'Karakaş             ', 'K', '1990-10-16 00:00:00', '9B  ', 0),
(61, 'Nazım     ', 'Başkara             ', 'E', '1988-04-18 00:00:00', '11A ', 0),
(62, 'Mümtaz    ', 'Çamak               ', 'E', '1989-05-23 00:00:00', '9B  ', 0),
(63, 'Zeynep    ', 'Yiğit               ', 'K', '1990-05-01 00:00:00', '9C  ', 0),
(64, 'Leyla     ', 'Taşdemir            ', 'K', '1989-10-08 00:00:00', '10B ', 0),
(65, 'Kenan     ', 'Başak               ', 'E', '1988-06-11 00:00:00', '10A ', 0),
(66, 'Cemil     ', 'Topal               ', 'E', '1988-04-08 00:00:00', '10A ', 0),
(67, 'Behlül    ', 'Emin                ', 'E', '1990-11-06 00:00:00', '10A ', 0),
(68, 'Şenol     ', 'Karakaya            ', 'E', '1990-08-02 00:00:00', '10A ', 0),
(69, 'Eşref     ', 'Küçük               ', 'E', '1990-03-14 00:00:00', '10B ', 0),
(70, 'İnci      ', 'Can                 ', 'K', '1990-10-16 00:00:00', '11A ', 0),
(71, 'Derya     ', 'Başak               ', 'K', '1988-08-28 00:00:00', '9C  ', 0),
(72, 'Leyla     ', 'Karapınar           ', 'K', '1988-04-10 00:00:00', '10B ', 0),
(73, 'Deniz     ', 'Dönmez              ', 'E', '1990-06-16 00:00:00', '10C ', 0),
(74, 'Mehmet    ', 'Dönmez              ', 'E', '1990-08-15 00:00:00', '10A ', 0),
(75, 'Emine     ', 'Yılbur              ', 'K', '1988-05-22 00:00:00', '9C  ', 0),
(76, 'Pınar     ', 'Karakaya            ', 'K', '1989-05-09 00:00:00', '9C  ', 0),
(77, 'İnci      ', 'Alp                 ', 'K', '1989-10-06 00:00:00', '9C  ', 0),
(78, 'Pınar     ', 'Yıldız              ', 'K', '1988-11-13 00:00:00', '10B ', 0),
(79, 'Şenol     ', 'Çelik               ', 'E', '1989-09-13 00:00:00', '9A  ', 0),
(80, 'Fidan     ', 'Bakır               ', 'K', '1990-03-15 00:00:00', '10C ', 0),
(81, 'Remzi     ', 'Akat                ', 'E', '1988-03-24 00:00:00', '10A ', 0),
(82, 'Emine     ', 'Alp                 ', 'K', '1990-03-14 00:00:00', '11A ', 0),
(83, 'Kenan     ', 'Başkara             ', 'E', '1990-04-28 00:00:00', '10B ', 0),
(84, 'Şakir     ', 'Kılıç               ', 'E', '1990-11-11 00:00:00', '10C ', 0),
(85, 'Fidan     ', 'Kılıç               ', 'K', '1988-11-12 00:00:00', '9A  ', 0),
(86, 'Jale      ', 'Karapınar           ', 'K', '1988-07-17 00:00:00', '10C ', 0),
(87, 'Süleyman  ', 'Kılıç               ', 'E', '1988-02-05 00:00:00', '9B  ', 0),
(88, 'Ceylan    ', 'Karakaya            ', 'K', '1990-09-07 00:00:00', '10A ', 0),
(89, 'Niyazi    ', 'Yazar               ', 'E', '1988-04-23 00:00:00', '10B ', 0),
(90, 'Deniz     ', 'Dağ                 ', 'E', '1988-01-25 00:00:00', '10A ', 0),
(91, 'Rıza      ', 'Şahin               ', 'E', '1990-09-28 00:00:00', '10A ', 0),
(92, 'Fatma     ', 'Başkara             ', 'K', '1989-10-15 00:00:00', '10A ', 0),
(93, 'Niyazi    ', 'Kabak               ', 'E', '1989-08-02 00:00:00', '9B  ', 0),
(94, 'Fadime    ', 'Ezer                ', 'K', '1990-10-16 00:00:00', '11A ', 0),
(95, 'Kenan     ', 'Kılıç               ', 'E', '1988-11-12 00:00:00', '9B  ', 0),
(96, 'Şenol     ', 'Dönmez              ', 'E', '1989-08-19 00:00:00', '10C ', 0),
(97, 'Leyla     ', 'Kabak               ', 'K', '1988-10-02 00:00:00', '9A  ', 0),
(98, 'Fatma     ', 'Balcı               ', 'K', '1989-05-07 00:00:00', '9A  ', 0),
(99, 'Eşref     ', 'Güven               ', 'E', '1988-01-24 00:00:00', '9A  ', 0),
(100, 'Jale      ', 'Sekmen              ', 'K', '1988-04-15 00:00:00', '10B ', 0);

-- --------------------------------------------------------

--
-- Tablo için tablo yapısı `tur`
--

CREATE TABLE `tur` (
  `turno` tinyint(4) NOT NULL,
  `turadi` varchar(30) DEFAULT NULL
) ENGINE=InnoDB DEFAULT CHARSET=utf8mb4;

--
-- Tablo döküm verisi `tur`
--

INSERT INTO `tur` (`turno`, `turadi`) VALUES
(1, 'Dram                          '),
(2, 'Komedi                        '),
(3, 'Roman                         '),
(4, 'Hikaye                        '),
(5, 'Araştırma                     '),
(6, 'Fıkra                         '),
(7, 'Deneme                        ');

-- --------------------------------------------------------

--
-- Tablo için tablo yapısı `yazar`
--

CREATE TABLE `yazar` (
  `yazarno` tinyint(4) NOT NULL,
  `yazarad` varchar(20) DEFAULT NULL,
  `yazarsoyad` varchar(20) DEFAULT NULL
) ENGINE=InnoDB DEFAULT CHARSET=utf8mb4;

--
-- Tablo döküm verisi `yazar`
--

INSERT INTO `yazar` (`yazarno`, `yazarad`, `yazarsoyad`) VALUES
(1, 'Leyla               ', 'Çelik               '),
(2, 'Zeynep              ', 'Emin                '),
(3, 'Ali                 ', 'Yazar               '),
(4, 'Deniz               ', 'Akpınar             '),
(5, 'Mehmet              ', 'Çelik               '),
(6, 'Sabri               ', 'Demir               '),
(7, 'Kemal               ', 'Yılbur              '),
(8, 'Remzi               ', 'Rüzgar              '),
(9, 'Pınar               ', 'Karakaş             '),
(10, 'Remzi               ', 'Rüzgar              '),
(11, 'Emin                ', 'Karakaş             '),
(12, 'Leyla               ', 'Sevinç              '),
(13, 'Fidan               ', 'Akpınar             '),
(14, 'Fadime              ', 'Balcı               '),
(15, 'Ceylan              ', 'Çelik               '),
(16, 'Derya               ', 'Balcı               '),
(17, 'Pınar               ', 'Sevinç              '),
(18, 'Kenan               ', 'Kabak               '),
(19, 'Sabri               ', 'Can                 '),
(20, 'Emin                ', 'Kara                '),
(21, 'Eşref               ', 'Kabak               '),
(22, 'Fidan               ', 'Aktaş               '),
(23, 'Zeynep              ', 'Bayrak              '),
(24, 'İsmail              ', 'Yiğit               '),
(25, 'Niyazi              ', 'Özcan               '),
(26, 'Derya               ', 'Akçakaya            '),
(27, 'Mine                ', 'Başkara             '),
(28, 'Şakir               ', 'Kızıltepe           '),
(29, 'Filiz               ', 'Yıldız              '),
(30, 'Kemal               ', 'Karakaya            ');

--
-- Dökümü yapılmış tablolar için indeksler
--

--
-- Tablo için indeksler `islem`
--
ALTER TABLE `islem`
  ADD UNIQUE KEY `islemno` (`islemno`);

--
-- Tablo için indeksler `kitap`
--
ALTER TABLE `kitap`
  ADD UNIQUE KEY `kitapno` (`kitapno`);

--
-- Tablo için indeksler `ogrenci`
--
ALTER TABLE `ogrenci`
  ADD UNIQUE KEY `ogrno` (`ogrno`);

--
-- Tablo için indeksler `tur`
--
ALTER TABLE `tur`
  ADD UNIQUE KEY `turno` (`turno`);

--
-- Tablo için indeksler `yazar`
--
ALTER TABLE `yazar`
  ADD UNIQUE KEY `yazarno` (`yazarno`);

--
-- Dökümü yapılmış tablolar için AUTO_INCREMENT değeri
--

--
-- Tablo için AUTO_INCREMENT değeri `islem`
--
ALTER TABLE `islem`
  MODIFY `islemno` smallint(6) NOT NULL AUTO_INCREMENT, AUTO_INCREMENT=1401;

--
-- Tablo için AUTO_INCREMENT değeri `kitap`
--
ALTER TABLE `kitap`
  MODIFY `kitapno` tinyint(4) NOT NULL AUTO_INCREMENT, AUTO_INCREMENT=46;

--
-- Tablo için AUTO_INCREMENT değeri `ogrenci`
--
ALTER TABLE `ogrenci`
  MODIFY `ogrno` smallint(6) NOT NULL AUTO_INCREMENT, AUTO_INCREMENT=101;

--
-- Tablo için AUTO_INCREMENT değeri `tur`
--
ALTER TABLE `tur`
  MODIFY `turno` tinyint(4) NOT NULL AUTO_INCREMENT, AUTO_INCREMENT=8;

--
-- Tablo için AUTO_INCREMENT değeri `yazar`
--
ALTER TABLE `yazar`
  MODIFY `yazarno` tinyint(4) NOT NULL AUTO_INCREMENT, AUTO_INCREMENT=31;
COMMIT;

/*!40101 SET CHARACTER_SET_CLIENT=@OLD_CHARACTER_SET_CLIENT */;
/*!40101 SET CHARACTER_SET_RESULTS=@OLD_CHARACTER_SET_RESULTS */;
/*!40101 SET COLLATION_CONNECTION=@OLD_COLLATION_CONNECTION */;
